"channel_title","Avg Likes","Avg Dislikes","Avg Rating","Frequency","Main Category"
"12 News",176,45,8,2,"People & Blogs"
"1MILLION Dance Studio",42421,455,10,33,"Entertainment"
"1theK (원더케이)",192809,3333,10,19,"Music"
"20th Century Fox",134716,2906,10,101,"Film & Animation"
"2CELLOS",11450,122,10,2,"Music"
"3Blue1Brown",12109,104,10,14,"Education"
"3D Printing Nerd",1944,60,10,6,"Science & Technology"
"42Fab - Metalworking and Multi-Medium Fabrication",446,62,9,5,"Howto & Style"
"494ta",793,38,10,1,"Film & Animation"
"4given4ever1",7381,558,9,6,"News & Politics"
"5-Minute Crafts",87287,15428,9,22,"Howto & Style"
"52 Skillz",464,22,10,4,"Howto & Style"
"5FDPVEVO",62719,1863,10,19,"Music"
"5MadMovieMakers",38542,1437,10,17,"Entertainment"
"5SOSVEVO",274652,2376,10,19,"Music"
"60 Minutes",692,71,9,4,"News & Politics"
"730 WVFN",12,42,2,5,"Sports"
"9-1-1 on FOX",13,0,10,3,"Entertainment"
"90s Commercials",2,0,10,1,"Education"
"A Chick Called Albert",118234,1902,10,7,"Pets & Animals"
"A24",13763,1008,9,46,"Film & Animation"
"AaronsAnimals",18522,595,10,42,"Pets & Animals"
"ABC Action News",4347,538,9,19,"News & Politics"
"ABC News",3575,2313,7,113,"News & Politics"
"ABC News (Australia)",20967,1626,9,1,"News & Politics"
"ABC Television Network",29244,1265,9,24,"Entertainment"
"ABC7",19218,1033,9,7,"News & Politics"
"Abhishek Singh",518,67,9,4,"Science & Technology"
"AbrahamMateoVEVO",220971,9329,10,17,"Music"
"Abroad in Japan",8432,73,10,5,"Entertainment"
"Absolut",1367,117,9,1,"Entertainment"
"acaciacutie",22836,430,10,7,"Comedy"
"Access",371,506,4,6,"Entertainment"
"Access Hollywood",252,112,7,14,"Entertainment"
"Adam's Apple",3161,119,10,5,"People & Blogs"
"Adam Neely",11584,622,9,5,"Music"
"Adam Smith",89680,6092,9,6,"Comedy"
"Adam Whitley",1,0,10,3,"Film & Animation"
"AdelaineMorin",36923,1590,10,19,"Howto & Style"
"adidas Football",8172,1659,8,7,"Sports"
"Adult Swim",129828,4976,10,8,"Entertainment"
"Adult Swim UK",1141,14,10,5,"Comedy"
"Aerie",18,0,10,1,"Howto & Style"
"ワーナー ブラザース 公式チャンネル",25827,1021,10,6,"Film & Animation"
"AFP news agency",19,3,9,4,"News & Politics"
"AIA awards",1203,507,7,7,"People & Blogs"
"AirPano",257,36,9,2,"Travel & Events"
"akidearest",28226,87,10,7,"Education"
"Al Jazeera English",412,81,8,26,"News & Politics"
"Alabama Crimson Tide on AL.com",1829,252,9,5,"Sports"
"Alan Walker",91484,1814,10,48,"Music"
"Alec Steele",7693,143,10,7,"Entertainment"
"Alesso",28869,1612,9,7,"Music"
"Alex Aiono",18511,209,10,3,"Music"
"Alex French Guy Cooking",23598,77,10,11,"Howto & Style"
"Alex Gilbert",3302,63,10,7,"People & Blogs"
"Alex Meyers",15797,254,10,8,"Entertainment"
"Alicia Keys",1354,181,9,1,"Music"
"AlishaMarie",79865,1415,10,32,"Howto & Style"
"AlishaMarieVlogs",50823,765,10,16,"People & Blogs"
"AlisonWonderlandVEVO",7582,260,10,6,"Music"
"Alissa Ashley",33431,478,10,26,"Howto & Style"
"All is Art",19683,794,10,9,"Entertainment"
"ALL URBAN CENTRAL",5630,390,9,8,"Entertainment"
"Allie Glines",4095,208,10,9,"Howto & Style"
"Allure",11428,291,10,40,"Entertainment"
"AlmazanKitchen",3475,266,9,2,"Howto & Style"
"Alpha Entertainment",0,0,NA,7,"Sports"
"alt-J",11948,504,10,7,"Music"
"Alto's Adventure",2594,99,10,7,"Gaming"
"Amanda Palmer",1588,9,10,2,"Music"
"AmandaMoor & Craft Ideas",296,44,9,4,"People & Blogs"
"Amarullah Rizky",39,0,10,3,"Autos & Vehicles"
"AmazingPhil",183497,1006,10,14,"Howto & Style"
"amazon",5517,565,9,10,"Entertainment"
"Amazon Studios",749,125,8,36,"Film & Animation"
"Amazon.co.uk",205,159,6,5,"Entertainment"
"Amber Liu",26633,37,10,5,"Entertainment"
"Amber Scholl",60294,2075,10,52,"Howto & Style"
"amc",7784,783,9,23,"Entertainment"
"Amelia Liana",1897,59,10,3,"Howto & Style"
"American Bridge 21st Century",0,0,NA,1,"News & Politics"
"American Idol",23965,1183,9,50,"Entertainment"
"Anaki Abo",1211,72,9,1,"People & Blogs"
"Andre Black Nerd",4622,243,10,18,"Entertainment"
"Andre Will Do It",30536,3111,9,5,"Education"
"ANDREW HUANG",18117,340,10,47,"Music"
"Andrew Lowe",34105,6983,8,7,"Comedy"
"Andrew Rowland",5045,362,9,5,"People & Blogs"
"Andy Grammer",1463,26,10,2,"Music"
"Anew Start",4052,122,10,6,"Comedy"
"Animal Adventure Park",3213,277,9,9,"Pets & Animals"
"Animal Planet",3089,204,9,7,"Entertainment"
"AnimalWised",11985,164,10,12,"Pets & Animals"
"Anna Akana",27401,480,10,47,"Comedy"
"Anna Saccone",42913,962,10,5,"Howto & Style"
"Annapurna Channel",7736,268,10,12,"Film & Animation"
"AnselElgortVEVO",104211,1281,10,6,"Music"
"Anthem Lights",6139,53,10,5,"Music"
"AnthonyPadilla",19029,499,10,57,"Comedy"
"AntsCanada",30038,850,10,23,"Pets & Animals"
"Anwar Jibawi",69346,1820,10,56,"Comedy"
"Any rubbish",2,0,10,3,"Entertainment"
"圧倒的不審者の極み!",13121,1026,9,12,"Science & Technology"
"Apple",53102,10247,8,27,"Science & Technology"
"Apple Support",161,11,9,5,"Science & Technology"
"Applied Science",3683,27,10,8,"Science & Technology"
"Architectural Digest",158409,5301,10,18,"Entertainment"
"Arden Rose",5334,146,10,10,"Film & Animation"
"Ariana Grande`",225232,2097,10,15,"Music"
"ArianaGrandeVevo",2439860,92026,10,19,"Music"
"ARIKITCHEN (아리키친)",8294,142,10,4,"People & Blogs"
"As/Is",33412,878,10,44,"People & Blogs"
"AsapSCIENCE",30152,1722,9,92,"Science & Technology"
"Asian Boss",3978,836,8,17,"News & Politics"
"ASMR Darling",27607,1740,9,7,"Entertainment"
"Associated Press",579,81,8,39,"News & Politics"
"Asthmatic Kitty Records",4772,203,10,6,"Music"
"astroboy1960",34,1,10,2,"Film & Animation"
"AT&T",27498,160,10,5,"Science & Technology"
"Atlanta Hawks",19,0,10,3,"Sports"
"Atlantic Records",63288,999,10,60,"Music"
"ATPWorldTour",1701,18,10,3,"Sports"
"Attaullah Malik",10144,5099,7,8,"Science & Technology"
"Audience Network",5,0,10,3,"Entertainment"
"Aunty Donna",7338,74,10,6,"Comedy"
"Auralnauts",3627,76,10,2,"Comedy"
"AusAntarctic",1742,14,10,11,"Science & Technology"
"Austin Burk",114,5,10,6,"Music"
"Austin Evans",21732,1723,9,65,"Science & Technology"
"austinmcconnell",9417,252,10,13,"Education"
"Australia",5187,254,10,9,"Travel & Events"
"Australian Open TV",4277,161,10,17,"Sports"
"AutoGuide.com",508,70,9,3,"Autos & Vehicles"
"automotivemaster1972",5,1,8,6,"Entertainment"
"AvE",20222,153,10,6,"Science & Technology"
"AviciiOfficialVEVO",80218,1424,10,6,"Music"
"Avocado",45862,2000,10,2,"People & Blogs"
"Avocados From Mexico",258,14,9,4,"Entertainment"
"Awkward Puppets",28025,448,10,6,"Comedy"
"Aymeric Favard",111,7,9,5,"Sports"
"AzzyLand",15691,3343,8,9,"Entertainment"
"BØRNSmusicVEVO",32835,591,10,14,"Music"
"Bachelor Nation on ABC",173,232,6,13,"Entertainment"
"BachelorsPadTv",28125,840,10,6,"Comedy"
"BaconLegs",4946,236,10,6,"People & Blogs"
"Bad Lip Reading",129222,3460,10,66,"Comedy"
"BAFTA",566,9,10,5,"Entertainment"
"Banana Culture Music",74240,560,10,2,"Music"
"BANGTANTV",431856,1541,10,18,"Entertainment"
"Barcroft Animals",746,14,10,9,"Pets & Animals"
"Barn Sanctuary",562,8,10,2,"Pets & Animals"
"barnabydixon",10025,88,10,6,"Film & Animation"
"Barstool Sports",175,22,9,7,"Comedy"
"Battle Universe",9146,614,9,4,"Entertainment"
"Battle Universe!",11224,870,9,11,"Entertainment"
"BBALLBREAKDOWN",3513,606,9,5,"Sports"
"BBC",8954,2179,8,25,"Entertainment"
"BBC America",2382,38,10,16,"Entertainment"
"BBC Earth",2730,134,10,40,"Pets & Animals"
"BBC Music",25542,957,10,3,"Music"
"BBC News",5542,672,8,74,"News & Politics"
"BBC Radio 1",36109,534,10,77,"Music"
"BBC Three",13261,456,10,18,"Entertainment"
"BBCRadio1VEVO",16762,420,10,26,"Music"
"Be Amazed",1523,97,9,5,"Entertainment"
"Beats 1 on Apple Music",42679,2996,9,7,"Music"
"Beats 1 Radio",15906,1190,10,16,"Music"
"Beats by Dre",7824,158,10,1,"Music"
"Bebe Rexha",41739,1176,10,21,"Music"
"Because Science",16522,758,10,22,"Science & Technology"
"BeckVEVO",6966,379,9,7,"Music"
"BeckyGVEVO",934726,78780,9,19,"Music"
"Bee Ly TV",18,2,9,3,"People & Blogs"
"BehindTheSounds",469,4,10,4,"Music"
"BellaThorneVEVO",10381,552,10,6,"Music"
"BellatorMMA",2008,302,9,2,"Sports"
"Beme News",5873,314,9,19,"News & Politics"
"Ben Actis",22242,628,10,8,"People & Blogs"
"Ben Katz",23553,414,10,14,"Science & Technology"
"Ben Pluimer",46084,2940,9,13,"Film & Animation"
"Ben Rohrbach",68,60,5,5,"Sports"
"BenDeen",1822,41,10,3,"People & Blogs"
"Benn and Gear",512,12,10,2,"Music"
"BenTheBondsman",9928,810,9,9,"People & Blogs"
"BeOurGuest",3138,421,9,5,"Entertainment"
"Berd",16693,268,10,15,"Comedy"
"BerkleyLovesTori",1221,40,10,7,"People & Blogs"
"Beth Kobliner",1053,317,8,5,"Education"
"Bethany Mota",70093,1118,10,5,"Howto & Style"
"Bethany Wilhelm",15538,3199,8,12,"Comedy"
"Bethel Music",7029,121,10,7,"Music"
"BETNetworks",2746,679,8,8,"Entertainment"
"Beyonce",24955,2556,9,5,"Music"
"Beyond The Trailer",2374,530,8,7,"Entertainment"
"BeyondSlowMotion",310,12,10,1,"Travel & Events"
"Big Cat Rescue",1957,34,10,5,"Pets & Animals"
"Big Marvel",109067,3932,10,36,"Music"
"Big Ten Network",409,57,9,5,"Sports"
"bigclivedotcom",2092,22,10,2,"Science & Technology"
"Bill Gates",9756,406,10,6,"Nonprofits & Activism"
"bill wurtz",173705,3651,10,36,"People & Blogs"
"Billboard",72145,1029,10,62,"Music"
"Billboard News",82,12,9,4,"Music"
"Billie Eilish",108640,906,10,18,"Music"
"BillieEilishVEVO",171556,1123,10,12,"Music"
"Billions",2286,79,10,4,"Entertainment"
"Billy Graham Evangelistic Association",6020,960,9,12,"Entertainment"
"BillyCrammer",431,90,8,1,"Film & Animation"
"Binging with Babish",32759,847,10,79,"Entertainment"
"Bini the Bunny",2246,10,10,1,"Pets & Animals"
"Birdbox Studio",1174,32,10,1,"Film & Animation"
"BishopBriggsVEVO",8430,99,10,6,"Music"
"bitluni's lab",771,5,10,1,"Science & Technology"
"Björk",9572,360,10,23,"Music"
"Bkav Corp",2616,902,7,2,"Science & Technology"
"blackbearVEVO",57818,386,10,4,"Music"
"BLACKPINK",160500,1908,10,5,"People & Blogs"
"Blake Shelton",24190,1266,10,14,"Music"
"blayze999",872,85,9,10,"Comedy"
"Bleacher Report",22443,332,10,22,"Shows"
"BleachersVEVO",4495,77,10,6,"Music"
"Bleecker Street",4058,989,7,16,"Film & Animation"
"Blockbuster",40,79,3,1,"Film & Animation"
"Blonded",82370,2067,10,9,"People & Blogs"
"Bloomberg",414,52,9,2,"Autos & Vehicles"
"Bloomberg Politics",120,81,6,6,"News & Politics"
"Blossom",87888,10966,9,17,"Howto & Style"
"Blue Origin",4439,252,9,17,"Science & Technology"
"Blurred Culture",858,682,6,6,"Sports"
"blvck King",389,5,10,3,"Music"
"BMW USA",8312,240,10,3,"Autos & Vehicles"
"Bob Przybylo",15,7,7,6,"Sports"
"Bobby Bones",2538,201,9,16,"Music"
"Bobby Duke Arts",50178,1017,10,14,"Howto & Style"
"Boldly",69088,5921,9,17,"People & Blogs"
"Bon Appétit",18030,617,10,115,"Howto & Style"
"BonJoviVEVO",12939,373,10,9,"Music"
"boogie2988",152646,7369,10,13,"Entertainment"
"BostonDynamics",122074,3436,10,27,"Science & Technology"
"BowlFullofAwesome",4120,22,10,3,"People & Blogs"
"Brad Mondo",11412,368,10,10,"Comedy"
"Braille Skateboarding",5928,174,10,10,"Howto & Style"
"BrainfooTV",9904,1220,9,13,"Entertainment"
"Bramty Juliette",30025,349,10,12,"Howto & Style"
"BrantleyGilbertVEVO",8625,249,10,7,"Music"
"BrasherN",27068,2003,9,7,"Gaming"
"Brat",76189,1428,10,7,"Entertainment"
"Brave Wilderness",42052,909,10,82,"Pets & Animals"
"Bravo",1118,82,9,5,"Entertainment"
"Braxen McConnell",235,19,9,5,"People & Blogs"
"Breakfast Club Power 105.1 FM",12184,2363,8,58,"Entertainment"
"BreakingBenjaminVEVO",36374,758,10,5,"Music"
"Brent Pella",34324,1983,9,8,"Comedy"
"Bret Baier",1121,853,6,7,"News & Politics"
"BrettYoungVEVO",17791,546,10,17,"Music"
"Brian Hull",13851,522,10,30,"Entertainment"
"Brian Klug",651,10,10,6,"Entertainment"
"BrianJustinCrum",1666,36,10,1,"Entertainment"
"BRIGHT SIDE",30106,3012,9,5,"Howto & Style"
"Britain's Got Talent",118899,2994,10,24,"Entertainment"
"BRITs",2630,86,10,4,"Music"
"Brothers Green Eats",1991,83,10,1,"Howto & Style"
"Bruce Land",548,712,4,6,"Science & Technology"
"Bruno Mars",626801,20836,10,15,"Music"
"brutalmoose",11699,247,10,11,"Entertainment"
"BT Sport",8617,201,10,10,"Sports"
"BTS Videos",477,200,7,1,"Entertainment"
"Bud Light",28729,8250,8,7,"Entertainment"
"Budweiser",6113,1145,9,7,"Entertainment"
"BUILD Series",1862,22,9,11,"Entertainment"
"Bundesliga",5316,54,10,2,"Sports"
"BURGER KING",52638,4810,9,20,"Entertainment"
"Burritoxman",153,18,9,2,"People & Blogs"
"Business Insider",1014,100,8,33,"News & Politics"
"Business Insider UK",97,299,5,13,"News & Politics"
"Business InsiderAu",36,14,7,5,"Autos & Vehicles"
"But First, Coffee",92471,1305,10,3,"Howto & Style"
"Butch Hartman",78554,2054,10,21,"Film & Animation"
"Buttered Side Down",6171,252,10,19,"Comedy"
"BuzzFeed Celeb",74243,1377,10,22,"People & Blogs"
"BuzzFeed Nifty",2572,323,9,36,"Howto & Style"
"BuzzFeedBlue",23537,3127,9,49,"People & Blogs"
"BuzzFeedVideo",34059,2017,9,133,"People & Blogs"
"ByronTalbott",3061,158,10,22,"Howto & Style"
"C-SPAN",3960,1379,6,33,"News & Politics"
"CAguileraVEVO",67366,13508,8,14,"Music"
"CalebCity",54196,1719,10,19,"Comedy"
"Call of Duty",180613,26938,9,15,"Gaming"
"CalumScottVEVO",59682,496,10,31,"Music"
"Calvin Klein",9183,7163,6,12,"Entertainment"
"CalvinHarrisVEVO",271587,9853,9,28,"Music"
"Cam'ron",7556,2281,8,5,"Music"
"Camila Cabello",124752,1272,10,30,"Music"
"CamilaCabelloVEVO",460171,11841,10,33,"Music"
"Cammie Scott",26536,1352,10,16,"People & Blogs"
"Campari",321,105,8,3,"Entertainment"
"Campo Santo Productions",6376,1664,8,7,"Gaming"
"CamVEVO",4558,418,9,9,"Music"
"Canada Soccer",303,32,9,3,"Sports"
"Candide Thovex",35819,361,10,6,"Sports"
"Capital FM",41062,2514,9,9,"Music"
"CaptainDisillusion",31806,238,10,9,"Entertainment"
"Car Commercials of the Past",22,1,10,4,"Autos & Vehicles"
"Car Throttle",8475,182,10,5,"Autos & Vehicles"
"Caravan Carolyn",0,0,NA,4,"People & Blogs"
"Cardi B",260466,14106,10,14,"People & Blogs"
"Cards Against Humanity",21916,7415,7,8,"Comedy"
"Carla Resendiz",23168,977,10,8,"Entertainment"
"Carli Bybel",28276,960,10,46,"Howto & Style"
"Carlos Campos",2,0,10,4,"People & Blogs"
"Carly and Erin",8277,90,10,5,"Comedy"
"Carrie Underwood",29712,1448,10,16,"Music"
"carrieunderwoodVEVO",62400,3366,9,23,"Music"
"Carter Sharer",79645,13557,9,17,"Entertainment"
"Cartoon Hangover",2503,584,8,2,"Film & Animation"
"Casey Holmes",14917,284,10,31,"Howto & Style"
"CaseyNeistat",107029,5510,10,87,"People & Blogs"
"Caspar",39082,341,10,5,"Entertainment"
"Casually Explained",98769,2576,10,22,"Comedy"
"Cat Man Chris",8536,828,9,12,"Pets & Animals"
"Catch-Up TV",357,550,4,2,"News & Politics"
"CatCreature",15013,105,10,23,"People & Blogs"
"Caterham Cars",22,1,10,1,"Autos & Vehicles"
"Caters Clips",211,65,8,1,"News & Politics"
"CatPusic",16971,177,10,11,"Pets & Animals"
"CBC News",1986,193,9,11,"News & Politics"
"CBS",410,79,8,7,"Entertainment"
"CBS Chicago",208,22,9,6,"News & Politics"
"CBS Evening News",809,85,9,10,"News & Politics"
"CBS Films",1348,112,9,4,"Entertainment"
"CBS Los Angeles",1299,416,8,51,"News & Politics"
"CBS Miami",12822,1899,9,18,"News & Politics"
"CBS New York",4693,257,9,13,"News & Politics"
"CBS News",1981,1082,7,71,"News & Politics"
"CBS Philly",83,14,9,3,"News & Politics"
"CBS Sunday Morning",851,45,10,12,"News & Politics"
"CBS This Morning",3032,1754,8,70,"News & Politics"
"CelineDionVEVO",268126,6959,10,6,"Music"
"CFL Insider",380,29,9,5,"Sports"
"CGP Grey",131453,2796,10,25,"Education"
"cgriesemer",161,8,10,6,"Film & Animation"
"Chad Kroeger",5657,68,10,1,"People & Blogs"
"ChainsmokersVEVO",268208,8057,10,53,"Music"
"ChangeofplanZ",4966,487,9,6,"Entertainment"
"Channel 4",189,5,10,3,"Entertainment"
"Channel Awesome",18439,803,10,18,"Entertainment"
"Channon Rose Vlogs",7413,70,10,3,"Entertainment"
"Chappell Roan",231,1,10,3,"Music"
"Charles Chan",30,7,8,1,"Film & Animation"
"Charlie Corts",38685,1666,10,15,"People & Blogs"
"Charlie Puth",165012,2388,10,52,"Music"
"CHauserable",6,3,7,1,"Comedy"
"Check It Out",3192,1146,7,1,"Education"
"cheeseandjamsandwich",0,0,NA,9,"Science & Technology"
"Chevrolet",597,74,9,4,"Autos & Vehicles"
"Chicago Sun-Times",285,276,5,7,"News & Politics"
"ChildishGambinoVEVO",1623448,65632,10,2,"Music"
"Chili Klaus",8040,473,9,3,"Comedy"
"Chilly Willy",27829,422,10,8,"People & Blogs"
"Chloe x Halle",16691,913,9,17,"Music"
"ChloexHalleVEVO",18923,769,10,18,"Music"
"Choir! Choir! Choir!",1661,25,10,4,"Music"
"CHRIS-RS",66752,655,10,6,"Autos & Vehicles"
"Chris and Jack",6484,69,10,2,"Comedy"
"Chris Hadfield's Rare Earth",2775,86,10,5,"Education"
"chris lee",0,0,NA,1,"People & Blogs"
"Chris Lee",1819,45,NA,5,"People & Blogs"
"Chris Reinacher",3698,379,9,8,"People & Blogs"
"Chris Rosa",29137,2329,9,5,"Comedy"
"Chris Smoove",15288,401,10,23,"Sports"
"Chris Stuckmann",21125,1033,10,33,"Entertainment"
"Chris Sturgeon",18,0,10,1,"People & Blogs"
"Chris Turner",7025,178,10,7,"Pets & Animals"
"ChrisBrownVEVO",45738,1138,10,7,"Music"
"Chriselle Lim",1364,121,9,3,"Howto & Style"
"ChrisStapletonVEVO",5730,221,10,32,"Music"
"Christen Dominique",24694,562,10,40,"Howto & Style"
"Christina Aguilera",37951,794,10,2,"Music"
"Christine Sydelko",38606,358,10,6,"People & Blogs"
"Christopher Davis",764,51,9,7,"People & Blogs"
"ChrisYoungVEVO",5496,445,9,16,"Music"
"Chubbyemu",24323,941,10,17,"Science & Technology"
"ChvrchesVEVO",9504,349,10,20,"Music"
"cicigoodies2011",386,15,10,6,"Music"
"Cimorelli",19684,178,10,12,"Music"
"CinemaSins",43336,3079,9,97,"Film & Animation"
"cineytele",6864,42,10,2,"Film & Animation"
"CIRCUITBEARD",14,0,10,1,"People & Blogs"
"Circus HalliGalli",1453,142,9,7,"Entertainment"
"CityNews Toronto",46,10,8,1,"News & Politics"
"CJENMMUSIC Official",569221,20143,10,11,"Music"
"Claire Marshall",17473,131,10,12,"Howto & Style"
"Clark Zhu",123,10,9,4,"Film & Animation"
"Clash Royale",156060,6394,10,17,"Gaming"
"Cleveland Browns",11,1,9,2,"Sports"
"Cleveland Cavaliers on cleveland.com",259,113,7,6,"News & Politics"
"Clevver News",4688,884,9,37,"Entertainment"
"Clevver Style",12242,474,10,36,"Howto & Style"
"Clicknetwork",4890,190,10,13,"Howto & Style"
"Cloth Map",5357,29,10,3,"Travel & Events"
"clothesencounters",10354,243,10,16,"Howto & Style"
"ClovesVEVO",1769,20,10,1,"Music"
"CMAVEVO",482,67,9,3,"Music"
"CMT",106,46,7,7,"Entertainment"
"CNBC",670,188,8,35,"News & Politics"
"CNET",2455,150,9,29,"Shows"
"CNLohr",522,2,10,1,"Science & Technology"
"CNN",9159,4598,7,144,"News & Politics"
"CNNMoney",6378,343,8,14,"News & Politics"
"Coachella",0,0,NA,3,"Music"
"Cobra Kai",25546,3249,9,17,"Entertainment"
"Coca-Cola",1251,722,6,4,"Entertainment"
"cocheusadoooo",369,48,9,3,"Comedy"
"Cody'sBLab",8636,64,10,7,"People & Blogs"
"Cody'sLab",9912,238,10,8,"Education"
"Cody'sLab Backup",4364,38,10,5,"People & Blogs"
"CoinDaddy",139,7,10,1,"Music"
"ColdFusion",18205,213,10,8,"Autos & Vehicles"
"Cole and Marmalade",18925,272,10,44,"Pets & Animals"
"colinfurze",47236,666,10,39,"Entertainment"
"Colleen Ballinger",36145,1323,10,19,"Comedy"
"Colleen Vlogs",16818,1001,10,19,"Comedy"
"CollegeHumor",28003,1500,10,120,"Comedy"
"ColliderVideos",2107,155,9,65,"Entertainment"
"Collins Key",749566,13690,10,8,"Entertainment"
"colourpopcosmetics",3073,34,10,4,"People & Blogs"
"Comedy Central",5417,242,10,9,"Comedy"
"Comicbook.com",5932,335,9,15,"Film & Animation"
"Commercials Funny",49,7,9,1,"Film & Animation"
"communitychannel",20920,2454,9,6,"Entertainment"
"Complex",35140,1132,10,75,"Entertainment"
"Conan Gray",18699,49,10,8,"People & Blogs"
"Condé Nast Traveler",16662,802,9,32,"Travel & Events"
"Confuse News",188,78,7,2,"News & Politics"
"ConnorFranta",24627,246,10,32,"People & Blogs"
"Conor Maynard",441426,8458,10,5,"Music"
"Context Information Security",16,3,8,2,"Science & Technology"
"Corinne Leigh",36426,265,10,7,"People & Blogs"
"Corridor",24832,1397,9,5,"Entertainment"
"Cosmopolitan.com",9114,194,10,18,"Howto & Style"
"COVERGIRL",308,48,9,5,"Howto & Style"
"Cracked",12028,837,9,26,"Comedy"
"Crafty Panda",20,1,10,2,"People & Blogs"
"CrashCourse",1616,141,9,6,"Education"
"CrashRacing",14185,880,9,8,"Autos & Vehicles"
"CrazyLaughAction",255,8,10,4,"Comedy"
"CrazyRussianHacker",25003,1462,9,78,"Science & Technology"
"Cristi Cristian",5362,226,10,2,"Entertainment"
"CrossFit®",1890,1492,6,13,"Sports"
"CrossKut316",619,2,10,2,"Music"
"CrowsEyeProductions",6232,293,10,5,"Film & Animation"
"Crusoe the Celebrity Dachshund",3529,137,10,9,"Pets & Animals"
"CS Dojo",6880,137,10,4,"Education"
"Cultaholic",4292,187,10,5,"Sports"
"CupcakeJemma",4340,48,10,23,"Howto & Style"
"Cut",20879,353,10,64,"Entertainment"
"CyclingTips",66,9,9,2,"Sports"
"CYNVEVO",2865,139,10,7,"Music"
"Cyprus Air Heating, Cooling and Fireplaces",1276,336,8,4,"People & Blogs"
"ТСН",1667,418,8,1,"News & Politics"
"Никита Ордынский",134395,1032,10,13,"Film & Animation"
"Алексей Навальный",365439,63579,9,1,"Nonprofits & Activism"
"D3sports.com",111,65,6,5,"Sports"
"Daelric",384,11,10,2,"People & Blogs"
"DaHoopSpot Productions",8,12,4,6,"Sports"
"Daily Caller",9347,223806,0,3,"People & Blogs"
"Daily Davidsons",2409,35,10,4,"Entertainment"
"Daily Dose Of Internet",69030,3111,10,26,"Entertainment"
"Daisy Marquez",23152,1725,9,26,"People & Blogs"
"Dale Dai",17274,545,10,1,"People & Blogs"
"DALLMYD",34435,883,10,20,"Sports"
"DamonAndJo",5011,122,10,43,"Comedy"
"DanAndPhilGAMES",82489,258,10,6,"Gaming"
"Dancing On Ice",0,0,NA,7,"Entertainment"
"Dancing With The Stars",5608,234,10,21,"Entertainment"
"Dani Ochoa",106298,3570,10,12,"Entertainment"
"Daniel Howell",223354,952,10,4,"People & Blogs"
"danisnotinteresting",21376,74,10,5,"Entertainment"
"dannotv",459,152,8,1,"Entertainment"
"Danny Sapko",7758,183,10,2,"Music"
"DanTDM",88588,2218,10,15,"Entertainment"
"daronjay",9,0,10,3,"Music"
"Darren Criss",6568,21,10,5,"Music"
"Dave Lee",12108,553,10,10,"Science & Technology"
"DaveHax",10302,1713,9,16,"Howto & Style"
"Davey Swatpaz",358,5,10,2,"Comedy"
"David Archuleta",5902,90,10,6,"Music"
"David Guetta",108454,3213,10,45,"Music"
"David Jardine",431,14,10,4,"Comedy"
"David Seymour",4195,68,10,1,"Entertainment"
"David Sistaro",1419,35,10,7,"Music"
"David Steuer",49,7,9,1,"People & Blogs"
"David Windestal",1053,34,10,5,"Science & Technology"
"Davie504",40458,414,10,35,"Entertainment"
"Dawid Szmandra",4648,111,10,8,"Science & Technology"
"Daz Games",21577,460,10,3,"Entertainment"
"Dean Anderson",6,6,5,1,"Pets & Animals"
"Deep Look",10859,404,10,15,"Science & Technology"
"Define American",0,0,NA,4,"Nonprofits & Activism"
"dekuNukem",6,1,9,3,"Science & Technology"
"Demi Lovato",33541,649,10,7,"Entertainment"
"DemiLovatoVEVO",413278,7263,10,25,"Music"
"Denitslava Makeup",15838,282,10,20,"Howto & Style"
"Dennis Kapatos",1444,50,10,6,"Science & Technology"
"Derek Hough",1711,157,9,9,"Entertainment"
"Desi Perkins",29157,533,10,34,"Howto & Style"
"Desimpedidos",1017472,3596,10,3,"Sports"
"Desktop Makes",135,1,10,3,"Science & Technology"
"Despierta América",461,27,9,6,"Entertainment"
"Desus & Mero",1304,189,9,4,"Entertainment"
"devinsupertramp",6232,267,10,2,"Entertainment"
"Diet Coke",1518,3932,3,8,"Howto & Style"
"Dina Tokio",3704,122,10,2,"Howto & Style"
"Diplo",186368,10501,10,31,"Music"
"Discovery UK",17424,1646,9,28,"Entertainment"
"Dish Nation",174,8,10,3,"Comedy"
"Disney Descendants",32499,3720,9,10,"Entertainment"
"Disney Movie Trailers",66886,3649,9,40,"Film & Animation"
"Disney On Broadway",18330,1709,9,14,"Entertainment"
"Disney Parks",869,33,10,20,"Travel & Events"
"Disney•Pixar",340600,11161,10,39,"Film & Animation"
"Disneyland Experience",188,9,10,3,"Entertainment"
"DisneyMusicVEVO",27495,789,10,29,"Music"
"DIY Perks",50160,1980,10,8,"Howto & Style"
"Dj Earworm",15433,1800,9,7,"Music"
"DJI",0,0,NA,4,"Film & Animation"
"DJKhaledVEVO",118403,7920,9,14,"Music"
"DJSnakeVEVO",118412,1726,10,7,"Music"
"DKDKTV",423,3,10,3,"Entertainment"
"Dobre Brothers",48329,14631,8,18,"People & Blogs"
"Doctor Mike",80918,712,10,31,"People & Blogs"
"Doctor Who",27794,4953,8,9,"Entertainment"
"doddleoddle",111157,1419,10,11,"Music"
"doddlevloggle",41942,474,10,6,"Entertainment"
"dodieVEVO",57022,508,10,12,"Music"
"Dolan Twins",197483,695,10,12,"Comedy"
"Domain of Science",2795,17,10,2,"Science & Technology"
"Domics",132534,1876,10,58,"Comedy"
"Don Diablo",29861,609,10,26,"Music"
"Donald J. Trump Topic",2501,2323,5,3,"People & Blogs"
"DonDiablo",31813,445,10,5,"Music"
"DONG",40160,1265,10,18,"Entertainment"
"Donut Media",2389,38,10,4,"Autos & Vehicles"
"DoodleChaos",8651,114,10,5,"Entertainment"
"dope2111",36609,1929,10,4,"Howto & Style"
"DopeBoyTroy",173,72,7,5,"Music"
"Doritos®",16043,496,10,2,"Entertainment"
"Dorkly",37261,1364,10,6,"Comedy"
"Doug DeMuro",22852,1192,10,48,"Autos & Vehicles"
"Doug Ellison",21850,1524,9,13,"Science & Technology"
"Doug Jones for Senate",1124,353,8,8,"People & Blogs"
"Dr. Sandra Lee (aka Dr. Pimple Popper)",2933,211,9,12,"Education"
"DraftExpress",14,1,9,2,"Sports"
"DragTimes",1043,239,8,11,"Autos & Vehicles"
"DrakeBellVEVO",3677,454,9,1,"Music"
"DrakeVEVO",828124,25003,10,14,"Music"
"DreamCastle_629",416,35,9,6,"Music"
"Drew Lynch",6134,54,10,11,"Comedy"
"DrinkBODYARMOR",532,57,9,9,"Sports"
"DrMachakil",654,9,10,3,"Film & Animation"
"Dua Lipa",545880,13152,10,13,"Music"
"Duan Mackenzie",6019,10,10,3,"People & Blogs"
"DuckSoss",95470,5279,9,12,"Comedy"
"Dude Perfect",475282,10639,10,95,"Sports"
"Duncan Sinfield",1253,42,10,2,"News & Politics"
"DunkFest",146,24,9,6,"Sports"
"Dustin Penner",3274,41,10,4,"Howto & Style"
"Duston Ward",9965,503,10,8,"Sports"
"Dwarf Mamba",343751,8008,10,8,"Entertainment"
"Dylan Locke",1556,16,10,2,"Comedy"
"E! Entertainment",5199,392,9,86,"Entertainment"
"E! Live from the Red Carpet",6083,549,8,22,"Entertainment"
"E! News",139,67,6,15,"Entertainment"
"EA SPORTS FIFA",19240,867,10,6,"Gaming"
"East Idaho News",65,81,4,6,"News & Politics"
"Eater",2413,254,9,35,"Howto & Style"
"eba era",3,3,4,3,"Music"
"Ed Sheeran",774718,14475,10,42,"Music"
"edlover4real",29,4,9,1,"Comedy"
"Edward Avila",8840,1610,9,8,"Howto & Style"
"郭韋辰",50,1,10,2,"Science & Technology"
"ekaggrat singh kalsi",25,4,9,2,"Science & Technology"
"ElbowVEVO",2282,153,9,2,"Music"
"ElectroBOOM",20583,252,10,25,"Science & Technology"
"Electron Dust",11,1,9,2,"Science & Technology"
"eLL cartoons",1921,80,10,6,"People & Blogs"
"ELLE",10917,327,9,36,"Howto & Style"
"ElleOfTheMills",88006,1123,10,32,"Entertainment"
"ELLEUKTV",5941,562,9,7,"Howto & Style"
"Ellie and Jared",31520,1076,10,13,"People & Blogs"
"EllieGouldingVEVO",20233,520,10,17,"Music"
"Elton John",586,210,7,6,"Music"
"EltonJohnVEVO",2642,408,9,6,"Music"
"Elvis Duran Show",662,24,10,6,"Entertainment"
"EminemVEVO",682610,29586,10,33,"Music"
"Emirates",2455,146,9,5,"Travel & Events"
"emma chamberlain",15565,132,10,5,"Entertainment"
"Emma Massingale",84,1,10,4,"Pets & Animals"
"emmymadeinjapan",5338,290,9,39,"Howto & Style"
"Empire",608,9,10,3,"Entertainment"
"empireofthesunvevo",8536,91,10,2,"Music"
"End of Ze World",4963,1235,8,5,"People & Blogs"
"engineerguy",11677,53,10,5,"Science & Technology"
"Engineering Explained",9115,613,9,19,"Autos & Vehicles"
"EnriqueIglesiasVEVO",65161,2893,10,5,"Music"
"Enter Shikari",3959,158,10,1,"Music"
"Entertainment Tonight",2291,711,8,59,"Entertainment"
"Entertainment Weekly",52,2,10,6,"Entertainment"
"EntertainmentVevo",29699,444,10,1,"Music"
"Epicurious",23479,1311,9,32,"Howto & Style"
"Eric Strebel",108,6,10,10,"Howto & Style"
"Erin Noelle",11621,108,10,5,"Howto & Style"
"Errant Signal",2675,74,10,5,"Gaming"
"ESPN",4307,546,9,166,"Sports"
"ESPN UK",15164,1028,9,9,"Sports"
"Estée Lalonde",4327,158,10,3,"People & Blogs"
"Esther Bellido",9424,269,10,5,"Entertainment"
"ET Canada",4882,1468,8,6,"Entertainment"
"euronews (in English)",973,130,8,25,"News & Politics"
"European Space Agency, ESA",1637,66,10,5,"Science & Technology"
"Eva Lunde Bentley",6858,116,10,8,"Film & Animation"
"Evan Edinger",8407,42,10,6,"Comedy"
"Everyday Astronaut",4149,74,10,13,"Science & Technology"
"EverythingApplePro",18412,825,10,46,"Entertainment"
"EVNautilus",1981,7,10,1,"Science & Technology"
"Exploring Alternatives",4654,60,10,4,"Howto & Style"
"ExplosmEntertainment",50231,1472,10,78,"Comedy"
"Extra Credits",14903,248,10,14,"Education"
"F Milburn",4,3,6,4,"People & Blogs"
"Facelesstech",2,0,10,3,"Gaming"
"FacelesswithEyesOpen",31,0,10,2,"News & Politics"
"FaeryInLoveInc",800,249,8,4,"Film & Animation"
"FailArmy",27446,3233,9,3,"Comedy"
"FallOutBoyVEVO",90622,2014,10,25,"Music"
"Famous Celebrities Snaps",8,4,NA,11,"Autos & Vehicles"
"Fancy Vlogs By Gab",20265,316,10,8,"People & Blogs"
"fantano",4744,270,10,18,"Music"
"FaZe Rug",127136,13421,9,29,"Gaming"
"FBE",62507,3522,9,112,"Entertainment"
"FC Barcelona",11027,244,10,46,"Entertainment"
"Feast Of Fiction",4483,277,9,19,"Howto & Style"
"Feelunique",151,4,10,5,"Howto & Style"
"FerrasVEVO",1159,12,10,3,"Music"
"FIFATV",8596,95,10,6,"Sports"
"Fifty Shades",24359,4093,9,3,"Entertainment"
"FiftyShadesVEVO",141552,2252,10,25,"Music"
"FightHype.com",908,223,8,18,"Sports"
"Film Independent",4284,177,10,13,"Film & Animation"
"FILMWEBTV",3045,24,10,5,"People & Blogs"
"First Aid Kit",666,4,10,4,"Music"
"First We Feast",39674,1759,10,148,"Howto & Style"
"Flash Rahbbit",160,8,10,2,"Entertainment"
"Fleur DeForce",14581,296,10,18,"Howto & Style"
"flirppy242",78,1,10,3,"Music"
"FliteTest",6464,190,10,16,"Entertainment"
"FlorenceMachineVEVO",79070,1171,10,22,"Music"
"FloSports",74,10,9,4,"Entertainment"
"FlyFastandLow",9,0,10,3,"News & Politics"
"Focus Features",28560,790,10,50,"Entertainment"
"Fontgod",126,12,9,5,"Pets & Animals"
"FOOD INSIDER",13834,1970,9,14,"Travel & Events"
"Food Wishes",6637,199,10,47,"Howto & Style"
"foofightersVEVO",14369,270,10,8,"Music"
"Foot Locker",1152,43,10,10,"Entertainment"
"Ford Europe",74,8,9,2,"Autos & Vehicles"
"Ford Motor Company",570,37,9,3,"Autos & Vehicles"
"Forgotten Weapons",11597,88,10,5,"Education"
"FORMULA 1",20225,565,10,22,"Sports"
"Fortnite",98669,19695,9,17,"Gaming"
"fosterthepeopleVEVO",29953,562,10,19,"Music"
"FoundFlix",29955,1166,10,16,"Entertainment"
"FOX",885,114,8,10,"Entertainment"
"FOX 17 WXMI",15744,453,10,15,"News & Politics"
"Fox Business",436,468,5,8,"News & Politics"
"Fox News",1390,545,6,43,"News & Politics"
"FOX Soccer",4043,625,9,54,"Sports"
"FOX Sports",770,193,8,21,"Sports"
"FoxSearchlight",6209,332,10,14,"Film & Animation"
"FoxStarHindi",744292,28445,10,15,"Entertainment"
"Frank May",6367,331,10,4,"Comedy"
"Frankie Vision",1857,26,10,1,"Sports"
"FRANKIEmusicVEVO",240,17,9,2,"Music"
"Freddie Lister",11659,1404,9,7,"Sports"
"Freddie Twenty",12501,403,10,8,"Gaming"
"FreeDawkins",584,10,10,11,"Sports"
"Freedom of the Press Foundation",2457,210,9,12,"Science & Technology"
"Freeform",219,2,10,1,"Entertainment"
"Freemeo",41,4,9,2,"Film & Animation"
"FrenchMontanaVEVO",95552,3415,10,7,"Music"
"Frog The Rooster",920,18,10,2,"People & Blogs"
"FrownsUpsideDown",66,1,10,4,"Entertainment"
"Fueled By Ramen",62114,1118,10,39,"Music"
"Full Frontal with Samantha Bee",7844,4084,8,63,"People & Blogs"
"Function",1334,22,10,7,"Science & Technology"
"FundingCircleUK",66,11,9,2,"Howto & Style"
"FunForLouis",2117,163,9,7,"People & Blogs"
"Funny Commercials",7310,231,10,3,"Film & Animation"
"Funny New Videos",5203,194,10,4,"People & Blogs"
"Funny News",3627,132,10,2,"People & Blogs"
"Funny Or Die",1173,356,9,11,"Comedy"
"fuzywazacolin",57,3,9,3,"Autos & Vehicles"
"FX Networks",3488,134,9,28,"Entertainment"
"G-Eazy",24676,298,10,13,"Entertainment"
"Gabbie Hanna",57270,3680,9,21,"Howto & Style"
"Galantis",16019,224,10,5,"Music"
"gamelovercommercials",340,59,9,6,"Entertainment"
"GameXplain",15350,1030,9,10,"Gaming"
"GamingWithJen",22875,1460,9,7,"People & Blogs"
"Gatorade",1268,16,10,2,"Sports"
"Gcincorp Ecommerce and Real Estate",232,159,6,7,"Howto & Style"
"GEazyMusicVEVO",352553,14000,10,31,"Music"
"geicocaveman2012",636,26,10,3,"Entertainment"
"Gemma Stafford",3580,40,10,9,"Howto & Style"
"Genius",15043,483,9,20,"Music"
"Gentle Whispering ASMR",23325,2109,9,15,"Howto & Style"
"Genuine Survival Research Labs",92,6,9,2,"Science & Technology"
"Geoff Mallinson",2,4,4,3,"Entertainment"
"GeorgeEzraVEVO",15081,252,10,23,"Music"
"Gerry Litwin",57349,4392,9,12,"People & Blogs"
"Gibi ASMR",15757,1135,9,32,"Entertainment"
"Gigi Gorgeous",7655,3084,9,17,"Howto & Style"
"GingerPale",28847,445,10,16,"Comedy"
"GinWigmoreVEVO",407,14,10,2,"Music"
"Glam&Gore",29916,241,10,50,"Entertainment"
"Glamour Magazine",37526,438,10,44,"Entertainment"
"Global News",3426,401,9,10,"News & Politics"
"Global Road Entertainment",4778,408,9,14,"Entertainment"
"GoDucksdotcom",10,2,8,2,"Sports"
"GohmertTX01",345,220,6,6,"News & Politics"
"Golden State Warriors",2298,31,10,4,"People & Blogs"
"Gondwana Collection Namibia",1878,59,10,1,"Travel & Events"
"Good Morning America",7378,790,9,62,"Entertainment"
"Good Morning Britain",522,64,9,7,"Entertainment"
"Good Mythical MORE",8631,286,10,19,"Entertainment"
"Good Mythical Morning",17756,1281,9,122,"Entertainment"
"Goodwillsandusky",1922,41,10,4,"Film & Animation"
"Google",26017,1908,9,26,"Science & Technology"
"Google Developers",17455,1567,9,1,"Science & Technology"
"googledoodles",78188,1772,10,12,"Film & Animation"
"GoPro",8940,173,10,31,"Sports"
"Gordon Ramsay",39136,1859,10,9,"Entertainment"
"GPhase",43319,395,10,13,"Entertainment"
"GQ",17638,370,10,49,"Entertainment"
"Grace Helbig",11528,191,10,65,"People & Blogs"
"GraceVanderWaalVEVO",132917,1429,10,25,"Music"
"Graham The Christian",55902,6565,9,7,"Comedy"
"grandayy",58280,1906,10,6,"Entertainment"
"Grandpa Kitchen",16550,354,10,7,"Howto & Style"
"grav3yardgirl",11604,515,10,11,"Howto & Style"
"GRB rally",2068,42,10,12,"Sports"
"GrDrtube",42,0,10,1,"Education"
"Great Big Story",10816,142,10,128,"People & Blogs"
"GreatScott!",8133,191,10,15,"Science & Technology"
"greeenpro",62,11,8,3,"Science & Technology"
"Green Day",52843,1137,10,11,"Music"
"Gregg Peterson",19,58,2,3,"Sports"
"greyson97",4280,23,10,5,"Music"
"Grist",37,2,9,1,"Film & Animation"
"Groupon",1080,238,8,7,"Entertainment"
"Guardian News",1930,580,8,53,"News & Politics"
"Guava Juice",33910,2072,9,46,"Entertainment"
"Guinness World Records",681,25,10,1,"Entertainment"
"Guldies",10371,51,10,5,"Film & Animation"
"Gus Johnson",19793,903,10,68,"Comedy"
"Gustawny",1659,67,10,5,"Music"
"Guy Tang",29484,1314,10,7,"Howto & Style"
"GwenStefaniVEVO",3601,270,9,6,"Music"
"gzumwalt",60,30,7,6,"Science & Technology"
"H&M",3734,325,9,8,"Entertainment"
"H3 Podcast Highlights",18923,949,10,14,"People & Blogs"
"HACKADAY",78,2,10,14,"Science & Technology"
"HaileeSteinfeldVEVO",165334,1851,10,9,"Music"
"HaimVEVO",8691,188,10,5,"Music"
"Hak5",300,60,8,2,"Science & Technology"
"Half as Interesting",13234,554,10,71,"Education"
"Halfway Anywhere",654,10,10,4,"Travel & Events"
"HalseyVEVO",178580,4402,10,35,"Music"
"Hamilton: An American Musical",51127,471,10,14,"Film & Animation"
"Hannah Meloche",6298,38,10,4,"Howto & Style"
"Hannah Stocking",166967,5748,10,69,"Comedy"
"Hannah Witton",3262,28,10,2,"People & Blogs"
"HANSE 한세",4976,51,10,10,"Howto & Style"
"HANSON",1708,78,10,10,"Music"
"Harper's BAZAAR",8342,297,10,24,"Howto & Style"
"HARRY",0,0,NA,4,"Entertainment"
"HarryStylesVEVO",269943,3075,10,6,"Music"
"Haru the Shiba Inu",2958,32,10,2,"Pets & Animals"
"Hayley Kiyoko",137417,1364,10,6,"Music"
"Hazel Hayes",9564,55,10,6,"People & Blogs"
"HBO",18179,937,9,95,"Film & Animation"
"Healthcare Triage",936,6,10,8,"Education"
"Helen Anderson",4095,83,10,3,"People & Blogs"
"HellthyJunkFood",10821,666,9,116,"Entertainment"
"Helpful Vancouver Vet",49744,1212,10,7,"Pets & Animals"
"Henry Prince Mak",12873,233,10,6,"People & Blogs"
"heroedelahistoria",85,5,9,6,"Education"
"Hevesh5",13908,831,9,36,"Entertainment"
"heyitsfeiii",16314,376,10,22,"Howto & Style"
"Highlight Heaven",16492,1140,10,15,"Sports"
"Highsnobiety",803,26,10,5,"Howto & Style"
"HiHo Kids",5688,41,10,2,"People & Blogs"
"Hillsong Worship",7605,136,10,4,"Music"
"Hin Nya",7032,77,10,1,"Gaming"
"Hollyscoop",280,34,9,3,"Entertainment"
"HollywoodLife",10930,2924,8,19,"Entertainment"
"Hometalk",76473,5028,9,14,"Howto & Style"
"Honda",314,100,8,6,"Autos & Vehicles"
"Hope For Paws - Official Rescue Channel",24219,308,10,29,"Pets & Animals"
"Hopeless Records",14751,179,10,3,"Music"
"Horizon Productions SFL",7626,451,9,9,"Travel & Events"
"HOT 97",54824,476,10,6,"Music"
"Hot Dad",1172,18,10,1,"Comedy"
"HOTSPOTATL",14,4,8,3,"Entertainment"
"HouzzTV",7603,179,10,7,"Howto & Style"
"How Ridiculous",185010,13857,9,54,"Sports"
"How To Cake It",19868,271,10,60,"Howto & Style"
"How To Cook That",7951,228,10,62,"Howto & Style"
"How to DAD",13132,262,10,32,"People & Blogs"
"How To Make Everything",8042,251,10,17,"Education"
"Howl Of A Dog",41588,512,10,5,"Pets & Animals"
"HowToBasic",245025,16492,9,16,"Howto & Style"
"hp_overload",26581,3566,9,7,"Autos & Vehicles"
"HQVideoDude",8293,33,10,5,"Music"
"Hudson Moore",1986,90,10,8,"Music"
"hudsonunionsociety",0,0,NA,7,"Film & Animation"
"Hulu",3331,345,9,34,"Entertainment"
"Humble Design",131,13,9,1,"Nonprofits & Activism"
"Hunter Hayes",2653,65,10,19,"Music"
"Hush Kit",1657,591,8,5,"People & Blogs"
"Huw Parkinson",281,3,10,6,"Comedy"
"Huxley Berg Studios",10387,421,10,9,"Film & Animation"
"HvdH-Plane-Spotter",27192,1092,10,5,"Autos & Vehicles"
"hwow",4756,55,10,7,"Gaming"
"Hybrid Network",286,4,10,2,"Entertainment"
"Hydraulic Press Channel",12421,534,10,62,"Science & Technology"
"HyundaiUSA",680,1348,5,11,"Autos & Vehicles"
"I'm With Her",121,3,10,1,"People & Blogs"
"I Like To Make Stuff",12824,256,10,17,"Howto & Style"
"I.T. Channel",9585,172,10,6,"Entertainment"
"영국남자 Korean Englishman",24526,430,10,6,"Comedy"
"IAmAnneMarie",18810,129,10,5,"Music"
"iamAURORAVEVO",60092,823,10,15,"Music"
"ibighit",1922804,17177,10,45,"Music"
"iDB",110,4,10,2,"Science & Technology"
"IFC",2497,78,10,8,"Comedy"
"IFC Films",882,374,7,14,"Film & Animation"
"iggyazaleamusicVEVO",82284,7150,9,8,"Music"
"IGN",8686,528,9,53,"Entertainment"
"IGN News",408,38,9,10,"Entertainment"
"ignoramusky",4356,132,10,14,"Pets & Animals"
"iHasCupquake",39590,733,10,18,"Gaming"
"IISuperwomanII",123567,2320,10,99,"Comedy"
"iJustine",11409,1086,9,79,"People & Blogs"
"iKON",448506,4122,10,5,"Music"
"ilikeweylie",3917,39,10,5,"Howto & Style"
"Illumination",84681,24327,8,16,"Entertainment"
"ImagineDragonsVEVO",192997,4101,10,45,"Music"
"Impulse",11165,1304,9,23,"Entertainment"
"In Case You Missed It",557,6,10,2,"People & Blogs"
"Inanna Sarkis",72390,2355,10,18,"Comedy"
"IncubusVEVO",5632,202,10,10,"Music"
"India Love",6493,3775,6,6,"Music"
"India Survival Guide",12784,166,10,3,"Travel & Events"
"Ingrid Nilsen",3853,256,9,19,"Howto & Style"
"INQUIRER.net",770,21,10,9,"Entertainment"
"Inside Edition",6852,580,9,101,"News & Politics"
"Inside the Magic",2886,3126,5,9,"Travel & Events"
"INSIDER",12004,337,10,149,"Travel & Events"
"Interscope Records",2803,89,10,4,"Music"
"Inthefrow",4719,124,10,4,"Howto & Style"
"Intuit",23282,8015,7,4,"Science & Technology"
"Invisible People",1536,56,10,2,"Nonprofits & Activism"
"iotexpert",16,0,10,3,"Science & Technology"
"Iris",35907,1683,10,11,"Entertainment"
"IsraeliPM",72,9,9,2,"News & Politics"
"It's a small world",2031,84,10,4,"Music"
"It's a Southern Thing",4919,320,9,6,"Comedy"
"It's Okay To Be Smart",12447,138,10,21,"Education"
"itsAlexClark",29578,1462,9,55,"Film & Animation"
"Itzztonytony",500,36,9,2,"Comedy"
"Ivan Miranda",2811,31,10,3,"Science & Technology"
"Izac Less",3207,73,10,3,"Film & Animation"
"J Gasser",2,1,6,4,"Entertainment"
"J S",28,610,0,2,"People & Blogs"
"J. Cole",417865,8939,10,14,"Music"
"J.J. McCullough",4264,1245,8,12,"People & Blogs"
"Ján Ilavský",16503,249,10,4,"Gaming"
"Jack and Dean",20835,157,10,5,"Comedy"
"Jack Coyne",14415,415,10,11,"People & Blogs"
"Jackie Aina",56206,1029,10,53,"Howto & Style"
"JackJohnsonVEVO",2327,64,10,9,"Music"
"jacksepticeye",52398,1001,10,12,"Entertainment"
"jacksfilms",106730,3127,10,111,"Comedy"
"JackWhiteVEVO",10866,1066,9,12,"Music"
"Jaclyn Hill",49618,1519,10,12,"Howto & Style"
"Jacob Collier",8228,85,10,6,"Music"
"Jaiden Animations",201010,2080,10,41,"Film & Animation"
"Jake Roper",6626,228,10,7,"People & Blogs"
"Jalopnik",656,177,8,5,"Entertainment"
"James Charles",158288,4252,10,88,"Entertainment"
"James Veitch",9122,120,10,1,"Comedy"
"JamesAVEVO",55084,356,10,5,"Music"
"JamesBayVEVO",42092,1076,10,34,"Music"
"JamesBlakeVEVO",8507,525,9,6,"Music"
"Jamie Demeter",826,10,10,1,"Entertainment"
"Janelle Monáe",48244,2651,10,39,"Music"
"JanPaul123",29,0,10,1,"Science & Technology"
"JarJar Abrams",15528,380,10,1,"People & Blogs"
"Jason Derulo",128291,7827,9,34,"Music"
"Jason Mraz",33757,448,10,10,"Music"
"Jason Yu",12782,504,10,6,"People & Blogs"
"JasonAldeanVEVO",12757,395,10,19,"Music"
"JAY",1123,32,10,4,"Entertainment"
"JayRockVEVO",309127,10837,10,10,"Music"
"JayZVEVO",113219,10862,9,5,"Music"
"jbalvinVEVO",253069,8096,10,4,"Music"
"Jeep",13237,524,10,9,"Autos & Vehicles"
"jeffreestar",126269,2653,10,38,"Howto & Style"
"JelloApocalypse",44178,6371,9,15,"Comedy"
"Jenn Im",13727,305,10,16,"Howto & Style"
"JennaMarbles",174838,3665,10,30,"Comedy"
"jenniferhudsonVEVO",12517,407,10,7,"Music"
"JenniferLopezVEVO",304168,42404,9,14,"Music"
"jennxpenn",24842,835,10,38,"Entertainment"
"Jenny Hanell",3,0,10,1,"Science & Technology"
"Jenny Nicholson",9290,855,9,49,"Film & Animation"
"Jeopardy!",7071,352,10,21,"Entertainment"
"jeremiah johnson",4,4,5,4,"Autos & Vehicles"
"Jeremy Jahns",25932,1004,10,39,"Entertainment"
"JerryRigEverything",19053,524,10,43,"Howto & Style"
"Jess Conte",97168,1307,10,13,"Entertainment"
"Jess Glynne",30192,282,10,3,"Music"
"Jesse",44723,883,10,8,"Comedy"
"Jessica Braun | JAMbeauty89",3185,132,10,5,"Howto & Style"
"Jessica Clements",5474,151,10,13,"Howto & Style"
"Jessica Kellgren-Fozard",2737,28,10,6,"People & Blogs"
"Jessica Vu",8082,133,10,7,"Howto & Style"
"JessieJVEVO",28417,479,10,3,"Music"
"jessiepaege",14529,206,10,15,"People & Blogs"
"Jessii Vee",5991,71,10,5,"Comedy"
"JheneAikoVEVO",89478,1304,10,6,"Music"
"JimBrowski 96HourNews",22,9,7,3,"News & Politics"
"Jimmy Built",1609,41,10,11,"Autos & Vehicles"
"Jimmy Kimmel Live",22746,1672,9,149,"Entertainment"
"JK Brickworks",2604,43,10,6,"Entertainment"
"Joan Kim",4514,117,10,16,"Howto & Style"
"JOE.ie",5403,380,9,13,"Entertainment"
"JoergSprave",6085,40,10,5,"Science & Technology"
"Joey Graceffa",60849,886,10,25,"People & Blogs"
"John Campea",1680,177,9,55,"Entertainment"
"John Lewis",58499,10917,8,4,"Howto & Style"
"John Maclean",5259,1279,9,7,"Howto & Style"
"John Sellars",6,0,10,5,"Entertainment"
"John Varvatos",120,1,10,3,"Entertainment"
"johnlegendVEVO",55388,1124,10,12,"Music"
"JohnNewmanVEVO",29581,368,10,12,"Music"
"Johnny Jansen",3660,193,9,11,"Film & Animation"
"JohnnyQ90",2092,92,10,5,"Science & Technology"
"JOLLY",7077,153,10,22,"Comedy"
"Jon B.",2865,159,9,12,"Howto & Style"
"Jon Olsson",8908,419,10,3,"People & Blogs"
"Jonathan Morrison",13755,1054,9,20,"Science & Technology"
"JonTronShow",209651,4275,10,6,"Comedy"
"Jordan Wilson",32782,1517,10,9,"Film & Animation"
"Josh Groban",2888,139,9,15,"Music"
"Josh Levine",9,0,10,6,"Entertainment"
"Joshua Levin",58,0,10,2,"Science & Technology"
"joyner lucas",202960,7062,10,4,"Music"
"JP & Julia",6468,411,9,7,"People & Blogs"
"JuJu Smith-Schuster",13988,329,10,4,"Entertainment"
"JuliaMichaelsVEVO",26618,222,10,2,"Music"
"Julien Solomita",16977,228,10,19,"Entertainment"
"JunsKitchen",105822,1375,10,40,"Howto & Style"
"Just Between Us",4981,226,10,11,"Comedy"
"Just Jared Jr",940,2742,3,9,"Entertainment"
"Just Marcus",3091,47,10,1,"People & Blogs"
"Just Wow me",15676,558,10,8,"Entertainment"
"justintimberlakeVEVO",144934,15489,9,34,"Music"
"jypentertainment",701577,38783,10,64,"Music"
"K-MUSIC",154392,1471,10,13,"Music"
"K Yuen",181,79,7,1,"People & Blogs"
"Kacey Musgraves - Topic",1736,194,9,11,"Music"
"KaceyMusgravesVEVO",6135,436,9,22,"Music"
"Kandee Johnson",7920,545,9,34,"Howto & Style"
"KaneBrownVEVO",9664,375,10,15,"Music"
"Kanimuna Kisaka",49,23,7,4,"News & Politics"
"Kanye West",144944,16405,9,8,"People & Blogs"
"Kanye West - Topic",70018,20288,8,9,"Music"
"Kaplamino",20966,254,10,23,"Entertainment"
"Karim Jovian",1857,51,10,4,"Entertainment"
"Karina Garcia",85060,1828,10,18,"Howto & Style"
"Kat Cunning",83,12,9,3,"Music"
"KATC",2371,223,9,5,"News & Politics"
"KathleenLights",25459,433,10,42,"Howto & Style"
"Katy Perry",6243,106,10,1,"Entertainment"
"KatyPerryVEVO",481137,92757,9,18,"Music"
"Katzun",14850,179,10,8,"People & Blogs"
"kawaiisweetworld",4326,58,10,3,"Howto & Style"
"Kayley Melissa",3884,148,10,22,"Howto & Style"
"KBAK - KBFX - Eyewitness News - BakersfieldNow",13347,475,10,8,"News & Politics"
"KBS World TV",154690,1530,10,3,"Entertainment"
"KBSKpop",77884,2034,10,8,"Entertainment"
"kehlani parrish",27680,337,10,9,"Music"
"Keith Urban",5584,563,9,6,"Entertainment"
"KeithUrbanVEVO",7087,520,9,28,"Music"
"Keke Palmer",8428,328,10,14,"Music"
"Kelly Clarkson",35284,526,10,29,"Music"
"Kelly Eden",1318,117,9,5,"Film & Animation"
"KendrickLamarVEVO",334250,5514,10,24,"Music"
"Kensuke Koike",21168,864,10,16,"Film & Animation"
"Kerry Wong",67,1,10,3,"Education"
"keshaVEVO",7322,355,10,7,"Music"
"Kevin Durant",6160,127,10,4,"Sports"
"Kevin Noonan",41,1,10,5,"Education"
"Kevin Rabatin",3,0,10,3,"People & Blogs"
"Kevin Stein",2,0,10,3,"Education"
"Keyboard Cat",14790,125,10,9,"Pets & Animals"
"KFC",3164,4191,4,7,"Entertainment"
"KFlayVEVO",3590,64,10,6,"Music"
"KhalidVEVO",139983,2280,10,20,"Music"
"Kia Motors America",3710,197,9,7,"Autos & Vehicles"
"KickThePj",15262,26,10,1,"Film & Animation"
"Kid Rock",8216,1387,9,12,"Music"
"Kim Kardashian West",0,0,NA,13,"People & Blogs"
"kimbramusic",9215,382,10,3,"Music"
"KIND Snacks",86,37,7,6,"Entertainment"
"King Princess",1620,10,10,1,"People & Blogs"
"Kingsley",2379,6,10,5,"Entertainment"
"KipMooreVEVO",2691,182,9,6,"Music"
"KISS FM UK",1913,54,10,6,"Music"
"Kita Osaka",21,2,9,3,"Comedy"
"Kitchen Nightmares",17365,523,10,33,"Entertainment"
"Kitten Lady",5807,28,10,7,"Pets & Animals"
"Kitty Hawk",4859,371,9,12,"Science & Technology"
"KKandbabyJ",21158,452,10,19,"People & Blogs"
"Klossy",12199,182,10,26,"People & Blogs"
"kmichelle",6475,227,10,2,"Music"
"Kortney Steury",4171,116,10,4,"People & Blogs"
"Kotaku",1516,197,9,6,"Gaming"
"Kraft Brand",402,248,6,7,"People & Blogs"
"Kris Harbour",10405,383,10,13,"Education"
"Kristen Hancher",15247,700,10,11,"Howto & Style"
"Kristin Johns",16429,265,10,8,"People & Blogs"
"KSNV News 3 Las Vegas",57,59,5,1,"News & Politics"
"KTVU",2559,43,10,5,"Entertainment"
"Kurzgesagt – In a Nutshell",149674,3138,10,86,"Education"
"KygoOfficialVEVO",125404,1633,10,7,"Music"
"Kyle Gunderson",934,38,10,5,"Entertainment"
"KYLE HANAGAMI",64330,525,10,11,"Entertainment"
"Kyle Jennermann",4125,142,10,11,"People & Blogs"
"Kylie Cosmetics",56715,2343,10,8,"People & Blogs"
"Kylie Jenner",0,0,NA,10,"People & Blogs"
"Kylie Minogue",8797,548,9,9,"Music"
"Kylie Moy",34660,1103,10,7,"Entertainment"
"KylieMinogueOnVEVO",18700,765,10,16,"Music"
"L2inc",2674,64,10,3,"News & Politics"
"LadBaby Official",5509,122,10,10,"People & Blogs"
"ladygagaarraza",1425,28,10,1,"Comedy"
"LadyGagaVEVO",133906,3025,10,27,"Music"
"Ladylike",65582,2137,10,31,"People & Blogs"
"LaMadelynn",2216,75,10,14,"Film & Animation"
"Lamborghini",461,12,10,2,"Autos & Vehicles"
"Lame Videos",12440,1264,9,3,"Comedy"
"Land Rover",34093,810,10,7,"Autos & Vehicles"
"Lane Anderson",9098,902,9,3,"Comedy"
"lara6683",7110,75,10,7,"Gaming"
"LastWeekTonight",116435,8308,9,24,"Entertainment"
"Late Night with Seth Meyers",11586,804,9,149,"Comedy"
"Late Show with David Letterman",1348,24,10,2,"Entertainment"
"LaToya Forever",3411,29,10,5,"Entertainment"
"Laura in the Kitchen",4148,118,10,26,"Howto & Style"
"Laura Kampf",6119,169,10,16,"Howto & Style"
"Laura Lee",31408,781,10,61,"Howto & Style"
"LaurDIY",61613,1219,10,51,"Howto & Style"
"Lauren Elizabeth",3244,180,9,5,"Howto & Style"
"Lauv",51773,388,10,24,"Music"
"LavenderTowne",19730,180,10,8,"Howto & Style"
"Lawrence Livermore National Laboratory",26,4,9,1,"Science & Technology"
"LD Entertainment",306,36,9,6,"People & Blogs"
"League of Legends",50261,1972,10,13,"Gaming"
"LecraeVEVO",8560,351,10,13,"Music"
"Legendary",63925,5232,9,7,"Film & Animation"
"legofreedom1",421,2,10,5,"Music"
"Lele Pons",238134,14433,9,68,"Comedy"
"Lenarr Young",42400,815,10,14,"Comedy"
"leonalewis",19202,137,10,5,"Music"
"Leroy Sanchez",58812,328,10,12,"Music"
"Let Me Explain Studios",89360,2098,10,6,"Film & Animation"
"LetsGoWarriors",147,13,9,1,"Sports"
"LewisCapaldiVEVO",11439,121,10,12,"Music"
"LexusVehicles",1242,120,9,12,"Autos & Vehicles"
"LGR",9169,98,10,3,"Science & Technology"
"Liam Gallagher",10024,108,10,3,"People & Blogs"
"LiamPayneVEVO",135801,2011,10,7,"Music"
"Life Noggin",17930,533,10,139,"Education"
"LifeAccordingToJimmy",24056,168,10,8,"Comedy"
"Lifetime",178,37,8,5,"Entertainment"
"Like Stories of Old",5861,116,10,3,"Education"
"Lil Peep",195288,1452,10,6,"Music"
"LIL UZI VERT",186071,10925,9,8,"People & Blogs"
"Lil Wayne",115655,6033,10,9,"Music"
"Lily Pebbles",3287,77,10,1,"Howto & Style"
"Lindsay Webster",5171,64,10,8,"People & Blogs"
"Lindsey Stirling",93972,1018,10,30,"Music"
"Linkin Park",68156,678,10,23,"Music"
"Linus Tech Tips",35725,2212,10,41,"Science & Technology"
"Lionsgate Movies",18630,2856,8,38,"Film & Animation"
"Lip Sync Battle",3308,320,9,52,"Entertainment"
"Lisa Eldridge",14309,190,10,29,"Howto & Style"
"lisbug",4397,238,9,5,"Comedy"
"LissieVEVO",1068,9,10,6,"Music"
"littleBits Electronics",16,1,9,3,"Science & Technology"
"littlemixVEVO",131449,1210,10,10,"Music"
"littlerobotgirl",11654,232,10,9,"People & Blogs"
"LIVEKellyandRyan",937,252,9,42,"Entertainment"
"LiveOverflow",1559,41,10,3,"Education"
"Liverpool FC",86459,1512,10,10,"Sports"
"Livia Giustiniani",46,6,9,4,"Film & Animation"
"Living Big In A Tiny House",10903,208,10,16,"Howto & Style"
"Liza Koshy",392646,3966,10,40,"Comedy"
"Liza Koshy Too",199961,2112,10,34,"Comedy"
"LoeyLane",748,321,NA,7,"Entertainment"
"LOFTON SHAW",20,1,10,2,"Film & Animation"
"Lofty Pursuits",25554,544,10,5,"Howto & Style"
"Logan Paul Vlogs",1314387,576969,7,24,"Entertainment"
"LOL Network",41378,1936,10,52,"Comedy"
"LOOK MUM NO COMPUTER",43959,1780,10,10,"Music"
"Looper",8876,1005,9,13,"Entertainment"
"Lorraine",1029,44,10,10,"Entertainment"
"Los Angeles Times",62,162,6,10,"News & Politics"
"Lotto New Zealand",150,5,10,3,"Gaming"
"Loudwire",681,22,10,5,"Music"
"LouisTomlinsonVEVO",342886,1713,10,6,"Music"
"Lucas",12355,2218,9,19,"Comedy"
"Lucas and Marcus",257314,10034,10,13,"Entertainment"
"Lucas the Spider",278442,5472,10,47,"Film & Animation"
"Lucy Moon",3043,49,10,12,"People & Blogs"
"lugeyps3",631,40,9,3,"Entertainment"
"lugnutsoldcrap",15,0,10,2,"Autos & Vehicles"
"LuisFonsiVEVO",1667143,75304,10,10,"Music"
"Luke Korns",27842,866,10,9,"Comedy"
"LukeBryanVEVO",4430,126,10,15,"Music"
"LukeCombsVEVO",10301,322,10,12,"Music"
"LustreLux",9801,270,10,9,"Howto & Style"
"Lyft",1108,46,10,9,"Travel & Events"
"Máquina Voadora",882,21,10,6,"Sports"
"MaccabeatsVideos",2432,71,10,6,"Music"
"Macklemore LLC",98968,2473,10,13,"Music"
"Maddie Lymburner",759,40,9,4,"People & Blogs"
"Maddie Ziegler",32111,331,10,11,"Entertainment"
"Madelaine Petsch",38582,191,10,34,"People & Blogs"
"Madmorda",144,1,10,1,"People & Blogs"
"Maggie Lindemann",46266,801,10,14,"Music"
"Maggie Smith Kühn",41,0,10,1,"Music"
"Magnolia Pictures & Magnet Releasing",1188,120,9,17,"Film & Animation"
"Major Lazer",67032,1238,10,15,"Music"
"Major League Soccer",51014,1625,10,13,"Sports"
"Maker's Box",45,2,10,3,"Science & Technology"
"Makeupshayla",19888,582,10,6,"Howto & Style"
"Malik Nabee",578,249,7,8,"Music"
"MalumaVEVO",685018,57375,9,14,"Music"
"MamaMiaMakeup",46102,1550,10,16,"Comedy"
"Mamrie Hart",5840,218,10,14,"Comedy"
"Man About Cake",7065,81,10,16,"Howto & Style"
"MandisaVEVO",4790,83,10,5,"Music"
"Manny Mua",80021,1921,10,6,"Howto & Style"
"Marco Reps",1387,14,10,7,"Science & Technology"
"Marcos Horacio",144,6,10,4,"Sports"
"MariahCareyVEVO",18092,1115,9,12,"Music"
"mariahxlambily",1338,307,NA,7,"Music"
"Marie McGann",27,8,8,6,"Entertainment"
"MARIO TESTINO",75,2,10,5,"Entertainment"
"marjolijn2",190,1,10,3,"Science & Technology"
"Mark Ferris",5294,36,10,4,"Comedy"
"Mark Linsangan",437,14,10,2,"Science & Technology"
"Mark Rober",82386,1892,10,32,"Science & Technology"
"Mark Sales",9929,717,9,9,"Comedy"
"Markiplier",74853,889,10,37,"Gaming"
"Maroon5VEVO",272134,6772,10,19,"Music"
"Marques Brownlee",77426,1762,10,115,"Science & Technology"
"marshmello",170336,3840,10,12,"Music"
"Marshmello",343131,7298,10,24,"Music"
"Marteen Estevez",1410,16,10,5,"Music"
"Martin Garrix",224342,2762,10,7,"Music"
"Marvel Entertainment",447813,8126,10,110,"Entertainment"
"Mary Giannone",5561,261,10,8,"Comedy"
"Marzia",69163,734,10,39,"People & Blogs"
"Mashable Daily",6636,858,9,6,"Autos & Vehicles"
"Mashed",7069,620,9,7,"Entertainment"
"Mason Ramsey",375741,23848,9,10,"Music"
"MassLive",609,71,9,7,"News & Politics"
"MassMutual",0,0,NA,4,"Education"
"MasterClass",1323,12,10,4,"Education"
"Masters Of The Sun",25,0,10,3,"Entertainment"
"Matoma",1351,18,10,3,"Music"
"matt",14941,905,9,8,"Entertainment"
"Matt and Kim",3296,286,9,6,"Music"
"Matt Bentkowski",26663,1495,9,15,"Sports"
"Matt Steffanina",21476,215,10,4,"Entertainment"
"Matt Stonie",75037,5042,9,46,"Entertainment"
"MatthewSantoro",13675,3376,9,26,"Education"
"Matthias",36264,947,10,32,"Science & Technology"
"Matthias Wandel",10385,931,9,28,"Howto & Style"
"MattMasonPhotography",140,12,9,2,"Sports"
"Max Fagin",1094,105,9,7,"Science & Technology"
"Max Hertan",124,13,9,4,"Entertainment"
"Max Joseph",141731,2413,10,1,"Film & Animation"
"Max Skipper",6904,147,10,7,"People & Blogs"
"Mayim Bialik",5788,379,9,25,"Film & Animation"
"Maymo",18277,1818,9,9,"Pets & Animals"
"Mayo Clinic",1896,74,10,1,"Science & Technology"
"mayratouchofglam",3769,290,9,3,"Howto & Style"
"MAZELEE",13994,1016,9,6,"People & Blogs"
"McDonald's",2277,2193,7,6,"Film & Animation"
"MDNA SKIN",460,132,8,2,"People & Blogs"
"Mean Girls on Broadway",8453,225,10,11,"People & Blogs"
"Mecum Auctions",362,54,9,2,"Autos & Vehicles"
"MeganBatoon",8798,311,10,15,"Entertainment"
"MeghanTrainorVEVO",199898,14025,9,26,"Music"
"melodysheep",2592,36,10,5,"Music"
"Mental Floss",1410,71,9,26,"Education"
"Mercedes-AMG Petronas Motorsport",1978,145,9,7,"Sports"
"Mercedes-Benz",918,33,10,2,"Autos & Vehicles"
"Mercury News",3719,212,9,9,"News & Politics"
"Merrell Twins Live",3476,59,10,14,"People & Blogs"
"merrelltwins",41670,438,10,37,"Comedy"
"MGM",1450,182,9,5,"Film & Animation"
"MGMTVEVO",21951,567,10,7,"Music"
"Michael Bublé",1218,58,10,3,"Music"
"Michael Callaghan",462,7,10,6,"Entertainment"
"Michael Dapaah",15446,144,10,9,"Comedy"
"Michael Rigsby",6,0,10,4,"People & Blogs"
"Michelle Khare",6036,504,9,44,"Entertainment"
"Michelob ULTRA",6163,2517,NA,9,"Sports"
"MickMake",161,2,10,1,"Science & Technology"
"MiddleKidsVEVO",442,16,10,2,"Music"
"Midnight Video",4952,125,10,4,"Film & Animation"
"MigosVEVO",186377,8896,10,20,"Music"
"MiguelVEVO",60980,714,10,23,"Music"
"Mike Austin",36285,2946,9,9,"News & Politics"
"Mike Boyd",19203,328,10,58,"Entertainment"
"Mike Diva",7332,389,10,6,"Entertainment"
"Mike H",43,0,10,4,"People & Blogs"
"mike m",768,1452,3,1,"People & Blogs"
"Mike Olbinski",491,3,10,1,"Science & Technology"
"Mike Shinoda",86479,1188,10,12,"Music"
"Mikey Murphy",58578,310,10,6,"Film & Animation"
"MILCK",306,2,10,2,"Music"
"Milkmen Design",7,0,10,4,"People & Blogs"
"Millie T",15040,382,10,7,"Entertainment"
"MinuteEarth",11677,751,9,38,"Science & Technology"
"Miranda Sings",24042,1045,10,25,"Comedy"
"misleadingsilhouette",287,9,10,1,"Music"
"Miss Universe",3898,357,9,6,"Entertainment"
"Missguided",18,0,10,1,"Howto & Style"
"Missouri Star Quilt Company",1225,81,9,9,"Education"
"MisterWivesVEVO",1427,25,10,5,"Music"
"Mitchell Moon",2817,114,10,8,"People & Blogs"
"MITCHELL WIGGS",57500,747,10,3,"Howto & Style"
"mittromney",942,1424,4,7,"People & Blogs"
"MK Dons",28,0,10,3,"Sports"
"MLB",6970,413,10,20,"Sports"
"MLG Highlights",14440,33505,8,33,"Sports"
"MLive",13081,1174,9,16,"News & Politics"
"mmschocolate",4011,141,10,15,"Entertainment"
"MN khan",1856,311,9,5,"People & Blogs"
"Mnet K-POP",292317,5381,10,7,"Entertainment"
"MOBO Awards",368,24,9,4,"Music"
"Moby",4589,180,10,6,"Music"
"MODSUN",5137,2646,7,1,"Music"
"Molly Burke",11276,140,10,30,"People & Blogs"
"Mom Will Be Proud",330,23,9,2,"Howto & Style"
"Momentum Pictures",76,18,8,9,"Film & Animation"
"MOMOMOYOUTHVEVO",19144,259,10,8,"Music"
"monatheband",4352,66,10,2,"Music"
"monday.com, formerly dapulse",19,0,10,3,"Science & Technology"
"Monster Cable Products",13672,5852,7,9,"Entertainment"
"Monster Energy",1749,43,10,2,"Sports"
"MoorInfo",3745,512,9,6,"People & Blogs"
"MoreZoella",53870,539,10,6,"People & Blogs"
"Morgan Adams",96168,2213,10,24,"Entertainment"
"Motherboard",11707,331,10,9,"Science & Technology"
"Motion Station",2133,1319,6,10,"Sports"
"Moulin Rouge! the Musical",5053,222,10,5,"Entertainment"
"Mountain Dew",8284,182,10,2,"Entertainment"
"Movie'n'co UK",1099,12,10,4,"Film & Animation"
"Movie Munchies",380,182,7,5,"Entertainment"
"MovieAccessTrailers",200,51,8,3,"Entertainment"
"Movieclips Coming Soon",392,6,10,8,"Film & Animation"
"Movieclips Film Festivals & Indie Films",177,11,9,1,"Film & Animation"
"Movieclips Trailers",10254,9326,7,36,"Film & Animation"
"Mr Ben Brown",1788,29,10,4,"People & Blogs"
"Mr Sunday Movies",33453,590,10,14,"Entertainment"
"Mr. Kate",50071,489,10,49,"Howto & Style"
"MrBeast",119054,7604,9,7,"Entertainment"
"MrMobile [Michael Fisher]",12706,126,10,4,"Science & Technology"
"MrNorrisVideos",696,52,9,2,"Gaming"
"MrTreknation",2131,227,9,7,"People & Blogs"
"Mrwhosetheboss",21435,972,10,3,"Science & Technology"
"MsAaliyahJay",14534,403,10,2,"Howto & Style"
"MSNBC",937,281,8,43,"News & Politics"
"MTV",9334,494,9,23,"Entertainment"
"MTV International",7171,170,10,6,"Entertainment"
"mugumogu",2273,20,10,10,"Pets & Animals"
"Munchies",12894,321,10,20,"Entertainment"
"Muse",84575,4591,9,9,"Music"
"Muselk",18958,644,10,6,"Gaming"
"Must Love Science",108,2,10,2,"Science & Technology"
"Mustache Wax",1889,21,10,3,"Comedy"
"mvt.ias",2150,188,9,3,"Music"
"My Self Reliance",6275,106,10,12,"People & Blogs"
"My Virgin Kitchen",7675,672,9,20,"Howto & Style"
"MyHarto",9120,934,9,47,"Comedy"
"MyLifeAsEva",52515,1782,10,29,"Howto & Style"
"MYSTERY SCIENCE THEATER 3000",811,60,9,10,"Comedy"
"N W",5223,223,10,10,"People & Blogs"
"Na So We See Am",12,0,10,3,"People & Blogs"
"Nahre Sol",242,0,10,1,"Music"
"NARLtv",18,3,9,2,"Entertainment"
"NASA",1743,50,10,3,"Science & Technology"
"NASA Goddard",9591,391,9,15,"Science & Technology"
"NASA Jet Propulsion Laboratory",5921,264,10,12,"Science & Technology"
"NASCAR",417,57,9,9,"Sports"
"Nat Geo WILD",545,3,10,1,"Entertainment"
"Natalies Outlet",164357,2447,10,18,"Entertainment"
"Nathan C",169,185,5,5,"Howto & Style"
"Nathan Robinson",5232,49,10,4,"People & Blogs"
"National Geographic",6775,317,10,61,"Pets & Animals"
"National Safety Council",19,0,10,3,"Nonprofits & Activism"
"Navenanthen Gepardieu",73,2,10,4,"Entertainment"
"NBA",5056,483,9,164,"Sports"
"NBA Highlights · YouTube",600,766,2,7,"Sports"
"NBA on ESPN",52,4,9,5,"Sports"
"NBA on TNT",5469,265,10,19,"Sports"
"NBA Stats All Seasons",1795,50,10,5,"Sports"
"NBC",23899,9844,8,28,"Entertainment"
"NBC News",2306,1506,7,90,"News & Politics"
"NBC Sports",2961,322,9,42,"Sports"
"NCAA March Madness",2946,228,9,23,"Sports"
"negermano",4,0,10,2,"Music"
"Neil Fraser",8,0,10,2,"Science & Technology"
"neilyoungchannel",1156,43,10,2,"Music"
"Nerdist",30935,2310,9,25,"Entertainment"
"Nerdwriter1",28192,367,10,62,"Entertainment"
"Netflix",16359,799,9,157,"Entertainment"
"Netflix Asia",7548,342,10,7,"Entertainment"
"New England Patriots",1130,113,9,7,"Sports"
"New Orleans Saints on NOLA.com",1532,170,9,9,"News & Politics"
"New Scientist",111,14,9,1,"Science & Technology"
"New York Daily News",1177,296,8,8,"News & Politics"
"New York Magazine",33,0,10,2,"Entertainment"
"News 5 Cleveland",5466,1041,8,12,"News & Politics"
"Newsflare",5174,61,10,6,"Pets & Animals"
"NewsFunnies",560,55,9,9,"Comedy"
"Newsy",24,6,9,6,"News & Politics"
"NFL",11861,1756,9,123,"Sports"
"NFL Network",12356,557,10,9,"Sports"
"NFL World",190,144,6,6,"Sports"
"NFVEVO",142814,2472,10,9,"Music"
"NHL",18274,261,10,26,"Sports"
"NiallHoranVEVO",107428,664,10,10,"Music"
"Nick Ramos",487,698,4,5,"Sports"
"Nickelback",13232,640,10,7,"Music"
"Nickelodeon",9591,654,9,14,"Entertainment"
"Nicki Minaj",290721,24620,9,17,"Music"
"Nicki Shields",225,18,9,3,"Autos & Vehicles"
"NickiMinajAtVEVO",548474,53548,9,5,"Music"
"nickjonas",1921,44,10,9,"Music"
"NickJonasVEVO",14863,231,10,25,"Music"
"Nicol Concilio",18830,2213,9,21,"Howto & Style"
"Nicole Guerriero",14127,534,10,15,"Howto & Style"
"nigahiga",250734,4065,10,57,"Entertainment"
"Nike",63176,4368,9,10,"Sports"
"Niki and Gabi",71187,2190,10,10,"Howto & Style"
"Nikita Dragun",66935,4729,9,21,"People & Blogs"
"Nikki Glamour",24103,364,10,16,"Entertainment"
"NikkieTutorials",153655,2353,10,79,"Howto & Style"
"Nile Wilson",11238,368,10,11,"Sports"
"NinaNesbittMusicVEVO",15036,135,10,5,"Music"
"Nintendo",61564,4866,10,65,"Gaming"
"NitroV2",1060,79,9,6,"Film & Animation"
"NIXOLAS",2060,65,10,8,"Film & Animation"
"NJ.com",3348,1998,7,18,"News & Politics"
"Noah Nicholls",4370,144,10,4,"People & Blogs"
"NoahCyrusVEVO",55620,1615,10,9,"Music"
"NoahKahanVEVO",669,7,10,3,"Music"
"Nobrand",2798,204,9,4,"People & Blogs"
"NOLA.com",251,337,4,7,"News & Politics"
"nothorwitzer",659,86,9,8,"Autos & Vehicles"
"notnotryan",45548,2232,10,12,"Comedy"
"NOVA's Secret Life of Scientists and Engineers",30,0,10,4,"Science & Technology"
"Now You See It",12239,232,10,5,"Education"
"NowThis World",9289,1419,9,5,"News & Politics"
"Numberphile",8913,138,10,38,"Science & Technology"
"NWSSanDiego",26,2,9,4,"Science & Technology"
"Nyma Tang",32649,274,10,10,"Howto & Style"
"NZPoliceRecruitment",15046,508,10,6,"News & Politics"
"Obama Foundation",1970,89,10,3,"Nonprofits & Activism"
"Oceana",26,1,10,5,"Nonprofits & Activism"
"ODE",569,50,9,5,"Entertainment"
"officer401",4774,144,10,5,"Entertainment"
"Official Charts",67,8,9,10,"Music"
"officialcharlixcx",9309,157,10,12,"Music"
"OjO Commuter Scooter by OjO Electric",3,0,9,2,"Travel & Events"
"OK Go",73991,3998,9,7,"Music"
"OlanRogers",12986,282,10,6,"Comedy"
"Olympic",3114,530,9,17,"Sports"
"OmarGoshTV",33351,648,10,1,"Entertainment"
"Omaze",6508,93,10,15,"Entertainment"
"ombremor",663,7,10,5,"Music"
"Omeleto",16578,1849,9,14,"Film & Animation"
"One List , One Life",685,84,9,6,"People & Blogs"
"ONE Media",13112,1721,8,39,"Film & Animation"
"OneBitMusicVEVO",42739,1934,10,3,"Music"
"onsetfacilities.com",2980,44,10,1,"People & Blogs"
"Onur Altuğ Sever",55,4,9,6,"Film & Animation"
"Open Road Films",6879,463,9,7,"Entertainment"
"oregon",29907,370,10,13,"Travel & Events"
"Orion Pictures",4566,620,9,7,"People & Blogs"
"Oscar Fury",146,12,9,4,"Gaming"
"Oscars",18999,4782,8,8,"Film & Animation"
"Outback Steakhouse",12,1,9,4,"Entertainment"
"OVO Sound",698608,14034,10,11,"Music"
"Owen Harvey",179,13,9,1,"Film & Animation"
"OWN",1956,632,8,8,"Entertainment"
"Ozuna",67227,1473,10,1,"Music"
"Pac-12 Networks",0,0,NA,6,"Sports"
"PAC ENTRETENIMENTO / DJ IVAN DAVIS",2133,49,10,3,"Entertainment"
"Palo Alto Online",1,0,10,3,"Sports"
"Panic! At The Disco",120112,1145,10,12,"Music"
"Papa Jake",53506,7720,9,20,"Entertainment"
"Paramount Network",5802,18439,3,8,"Entertainment"
"Paramount Pictures",61579,1646,9,33,"Film & Animation"
"Paris Hilton",0,0,NA,6,"Music"
"Parks and Recreation",1447,55,10,7,"Comedy"
"ParsonJamesVEVO",2580,49,10,8,"Music"
"Passenger",12443,142,10,7,"Music"
"Patricia Bright",41654,1066,10,10,"Howto & Style"
"Patrick Nan",36437,262,10,5,"Film & Animation"
"PatrickStarrr",40951,5479,9,22,"Howto & Style"
"Paul Sellers",1383,11,10,2,"Film & Animation"
"paul wheaton",261,55,8,3,"Science & Technology"
"Paweł Zadrożniak",12590,114,10,7,"Music"
"PB Comps",9380,415,10,6,"Sports"
"PBS Eons",14728,296,10,32,"Science & Technology"
"PBS NewsHour",7265,759,7,31,"News & Politics"
"PBS Space Time",8548,306,10,12,"Education"
"Peaceful Cuisine",3219,53,10,5,"Howto & Style"
"PekingDukVEVO",1178,11,10,1,"Music"
"Peloton",555,1110,3,5,"Science & Technology"
"Penguin Books South Africa",12,0,10,3,"Entertainment"
"Penguin Books UK",552,1,10,2,"Entertainment"
"People are Awesome",8850,109,10,9,"Entertainment"
"PeopleTV",2419,51,10,12,"Entertainment"
"Pepsi",6943,3116,8,11,"Entertainment"
"Pero Like",13350,410,10,6,"People & Blogs"
"Persil ProClean",172,121,6,7,"People & Blogs"
"PESfilm",1709,31,10,5,"Film & Animation"
"PetaPixel",2707,200,9,1,"Science & Technology"
"Peter Brown",7978,146,10,18,"Howto & Style"
"Peter Caine Dog Training",913,364,7,2,"Science & Technology"
"Peter McKinnon",24498,505,10,30,"People & Blogs"
"PeterSripol",20038,110,10,6,"Science & Technology"
"PewDiePie",397531,4956,10,2,"Entertainment"
"PhakeNam",1979,156,9,7,"Entertainment"
"Philadelphia 76ers",88,5,9,5,"Sports"
"Philadelphia Eagles",3957,565,9,6,"Sports"
"Philip DeFranco",89349,2566,10,8,"Entertainment"
"Philly D",13619,1330,9,10,"People & Blogs"
"PhilPhillipsVEVO",2195,28,10,1,"Music"
"PHP",14035,2508,8,5,"Entertainment"
"Physics Girl",6103,197,10,13,"Education"
"Pick Up Limes",11618,79,10,8,"People & Blogs"
"Piece Of Me Tour Planet Hollywood",3958,2454,6,8,"Music"
"Pies Are Awesome",18,0,10,3,"Howto & Style"
"Pinball Wiz",133276,1459,10,9,"People & Blogs"
"PinkVEVO",234300,8298,10,18,"Music"
"PitbullVEVO",139645,7207,10,10,"Music"
"Pitch Perfect",49538,2253,10,8,"Entertainment"
"Pitchfork",11881,253,10,5,"Music"
"Pittsburgh Dad",4373,214,10,6,"Comedy"
"Pixielocks",3045,154,10,18,"People & Blogs"
"pjmorton",726,4,10,2,"Entertainment"
"PK Inventor",0,0,NA,1,"Science & Technology"
"Plasma Channel",190,6,10,4,"Science & Technology"
"PLAYERUNKNOWN'S BATTLEGROUNDS",6181,259,10,6,"Gaming"
"PlayOverwatch",38799,1103,10,23,"Gaming"
"PlayStation",85849,1177,10,6,"Gaming"
"PointlessBlogVlogs",25623,686,10,5,"Entertainment"
"Pokémon GO",14846,1396,9,7,"Gaming"
"PolyMatter",20110,1534,9,16,"Education"
"Polyphonic",7262,88,10,2,"Music"
"Pomegranate Sunshine",725,24,10,6,"Pets & Animals"
"PONY Syndrome",15240,361,10,7,"Howto & Style"
"poofables",909,52,9,1,"Entertainment"
"Pop & Sports HQ",6967,494,9,1,"Sports"
"Popcorn with Peter Travers",3787,32,10,5,"Entertainment"
"Poppy",27305,2582,9,24,"Entertainment"
"POPSUGAR",2336,20,10,4,"Howto & Style"
"Popular Woodworking",955,6,10,4,"Film & Animation"
"Portugal. The Man",4521,203,10,18,"Music"
"PostmodernJukebox",15016,379,10,14,"Music"
"Practical Engineering",12872,174,10,25,"Education"
"PressTube",61408,2652,10,19,"Science & Technology"
"PrettyMuchVEVO",24366,139,10,14,"Music"
"Prime Video",862,102,9,5,"Entertainment"
"Primitive Survival Tool",51019,3371,9,24,"People & Blogs"
"Primitive Technology",145233,1558,10,35,"People & Blogs"
"Prince",56978,2106,10,18,"Music"
"Prince Marcus",14,0,10,4,"Sports"
"PrincessPiaMiaVEVO",6514,108,10,2,"Music"
"ProZD",62329,1738,10,45,"Film & Animation"
"PsychoSoprano",41648,763,10,11,"Comedy"
"PTXofficial",186052,3807,10,80,"Music"
"Quad9 DNS",43,2,10,3,"People & Blogs"
"Quartz",3768,80,10,6,"Travel & Events"
"QUARTZ",34,10,8,3,"People & Blogs"
"Queen Naija",410701,4364,10,24,"Entertainment"
"Quicken Loans",3596,205,9,9,"Education"
"R3HAB",17916,210,10,9,"Music"
"Rachel and Jun",44694,1352,10,2,"People & Blogs"
"Rachelleea",1420,26,10,5,"Howto & Style"
"RachelPlattenVEVO",1841,70,10,5,"Music"
"RachhLoves",10185,337,10,14,"Howto & Style"
"RackaRacka",90877,920,10,3,"Entertainment"
"Radio Andy",152,253,4,6,"Entertainment"
"Radio Physics and Electronics",82,3,10,4,"Science & Technology"
"Radovan Lazic",14906,5054,7,2,"Music"
"RagnBoneManVEVO",10956,243,10,6,"Music"
"Rainer Hilland",1388,15,10,5,"People & Blogs"
"Rainsford",188,20,9,4,"Music"
"Ram Trucks",5645,5735,6,9,"Autos & Vehicles"
"Ranz Kyle",41698,328,10,16,"Music"
"RAP DAILY",14250,3228,8,7,"Music"
"Rapid Highlights",2244,251,9,9,"Sports"
"Rapid Trailer",884,186,9,10,"Film & Animation"
"Rappler",39,14,7,3,"News & Politics"
"RawBeautyKristi",7535,305,10,5,"Howto & Style"
"razzark666",216,8,10,2,"Entertainment"
"Rclbeauty101",49194,1563,10,8,"Entertainment"
"Reach Records",1946,96,10,8,"Music"
"REACT",25552,1520,9,66,"Entertainment"
"Reaction Time",48827,7021,9,15,"Entertainment"
"Real Engineering",22046,439,10,8,"Science & Technology"
"Real Madrid C.F.",14562,434,10,22,"Sports"
"Real World Records",344,7,10,4,"Music"
"RealLifeLore",17748,769,10,22,"Education"
"RealNewsNetworkMedia",193,147,6,3,"People & Blogs"
"Rebel Wilson",6844,464,9,9,"Comedy"
"Recanto Ecológico Rio da Prata",15634,565,10,12,"Pets & Animals"
"Recode",181,44,8,6,"Science & Technology"
"Recording Academy / GRAMMYs",10636,2458,8,7,"Music"
"Red Bull",16751,511,10,46,"Sports"
"Red Bull Records",272,21,9,3,"Music"
"Red Robot - Intelligent Distribution",282,23,9,3,"Travel & Events"
"RedCurtainEnt",3349,330,9,3,"Entertainment"
"Redline Reviews",1775,86,10,4,"Autos & Vehicles"
"Refinery29",1568,171,9,91,"Howto & Style"
"Rella On the radio",8906,267,10,5,"Entertainment"
"RemyMaVEVO",52542,6719,9,26,"Music"
"Renault Sport",373,4,10,5,"Autos & Vehicles"
"Represent.Us",113,34,8,3,"Nonprofits & Activism"
"Republican News Watch",20,4,8,1,"Education"
"reputationswift",322,90,8,6,"Entertainment"
"RESSENCE WATCHES",29,2,9,3,"Film & Animation"
"RetroManCave",1245,7,10,8,"Science & Technology"
"revlon",114,4,10,1,"Howto & Style"
"Revolt TV",36024,2297,9,8,"Entertainment"
"RiceGum",109686,21229,8,1,"Entertainment"
"Ricky Dillon",20262,670,10,6,"Comedy"
"RickyMartinVEVO",12798,413,10,6,"Music"
"RihannaNavyVevo",163,30,8,1,"People & Blogs"
"Rise",191,15,9,4,"Entertainment"
"Rita Ora",8866,235,10,6,"Entertainment"
"Riverdale",19370,276,10,11,"People & Blogs"
"RM Videos",545,51,9,51,"Comedy"
"Roadshow",523,133,8,4,"Autos & Vehicles"
"RoadsideFlix",3090,111,10,10,"Film & Animation"
"Rob Andretti",0,2,0,2,"Sports"
"Rob Bliss",54166,2361,10,7,"Entertainment"
"Rob Scallon",37255,340,10,26,"Music"
"Rock & Roll Hall of Fame",190,25,9,2,"Music"
"Rock me, Joey Santiago.",10387,120,10,14,"Pets & Animals"
"rock on",2067,114,10,5,"Music"
"RocketJump Film School",2387,15,10,4,"Film & Animation"
"rollingstoneonline",444,11,10,3,"Music"
"RomanAtwoodVlogs",108561,12999,9,26,"People & Blogs"
"ROME REPORTS in English",98,12,9,3,"News & Politics"
"Rooster Teeth",27979,1471,10,24,"Film & Animation"
"Rosanna Pansino",39439,1241,10,95,"Howto & Style"
"Ross Kempsell",6,39,1,2,"Comedy"
"Roxette Arisa",19365,417,10,12,"Howto & Style"
"Roy Moore for Senate",3628,49745,1,8,"People & Blogs"
"Royal Academy of Arts",48,1,10,5,"Entertainment"
"Royal Blood",10415,122,10,8,"Music"
"Rudimental",38705,447,10,19,"Music"
"Rudy Mancuso",172203,4676,10,51,"Comedy"
"Russell Howard",17865,219,10,3,"Comedy"
"Ryan",10042,359,10,1,"Comedy"
"Ryan Calme",3301,72,10,3,"Science & Technology"
"Ryan Canty",16109,872,10,5,"Entertainment"
"Ryan Davidson",395,81,8,6,"People & Blogs"
"Ryan Is Driving",91874,2262,10,6,"Entertainment"
"Ryan Northover",84,8,9,6,"Entertainment"
"Ryan Williams",3779,40,10,5,"Entertainment"
"Ryland Adams",112457,2533,10,31,"Entertainment"
"RZSS Highland Wildlife Park",12,0,10,4,"Pets & Animals"
"Sabrina Claudio",40704,889,10,9,"Music"
"SabrinaCarpenterVEVO",75176,430,10,11,"Music"
"SadeVEVO",17809,339,10,12,"Music"
"Safiya Nygaard",167207,2360,10,105,"People & Blogs"
"SaggyJ",9158,1790,8,2,"Entertainment"
"Sailing La Vagabonde",6424,110,10,4,"Travel & Events"
"Sailor J",13856,362,10,35,"Comedy"
"Saint Louis Chess Club",670,48,9,11,"Education"
"Sam Chui",17003,1699,9,6,"Travel & Events"
"Sam O'Nella Academy",51006,994,10,8,"People & Blogs"
"Sam Sheffer",3175,312,9,5,"Entertainment"
"Samantha Maria",3778,105,10,8,"Howto & Style"
"samfryltd",43090,1371,10,13,"Entertainment"
"SamSmithWorldVEVO",117421,1367,10,15,"Music"
"Samsung",159920,7717,10,13,"Science & Technology"
"Samsung Mobile USA",1452,61,10,7,"Entertainment"
"Sara Dietschy",2455,150,9,21,"Film & Animation"
"Sarasota Police Department",4,0,10,2,"News & Politics"
"Saskatchewan Rush",4,0,10,3,"Sports"
"Saturday Night Live",29051,2793,9,138,"Entertainment"
"Sauber F1 Team",1692,28,10,7,"Sports"
"Saved By The Max",7,0,10,3,"Entertainment"
"SB-LII Commercials",5334,457,9,9,"Music"
"SB Nation",6474,309,10,20,"Sports"
"SBS TV동물농장x애니멀봐",1445,24,10,2,"Pets & Animals"
"ScatterBrain News",126321,647,10,10,"News & Politics"
"Science Magazine",11123,152,10,16,"Science & Technology"
"Science vs Cinema",90,8,9,1,"Film & Animation"
"SciShow",8430,377,10,99,"Education"
"Scott Manley",2562,17,10,5,"Gaming"
"Scotty Kilmer",13567,311,10,8,"Autos & Vehicles"
"Scotty Sire",119536,414,10,6,"Comedy"
"ScottyMcCreeryVEVO",2776,204,9,7,"Music"
"Screen Junkies",46879,1670,10,147,"Film & Animation"
"ScreenJunkies News",1582,126,9,44,"Entertainment"
"ScreenPrism",4219,368,9,16,"Film & Animation"
"SeanPaulVEVO",75616,1161,10,8,"Music"
"See You Yang",1749,151,9,6,"Sports"
"SelenaGomezVEVO",381051,7278,10,18,"Music"
"SELF",74538,625,10,12,"People & Blogs"
"Senator Chris Murphy",753,458,6,8,"News & Politics"
"Seonkyoung Longest",5374,110,10,12,"Howto & Style"
"Sesame Street",5436,137,10,4,"Entertainment"
"Seth's Bike Hacks",7572,75,10,6,"Howto & Style"
"Sevdaliza",6419,34,10,1,"Music"
"Shaaanxo",9583,90,10,2,"Howto & Style"
"Shade 45",2137,1257,6,8,"People & Blogs"
"shakiraVEVO",552209,100674,8,7,"Music"
"Shameless Maya",7502,235,10,9,"Howto & Style"
"shane",426330,3505,10,9,"Comedy"
"Shantell Martin",4518,91,10,4,"Film & Animation"
"Shawn",55,1,10,1,"People & Blogs"
"Shawn Johnson East",8730,943,9,10,"People & Blogs"
"Shawn Mendes",349585,3222,10,24,"Music"
"ShawnMendesVEVO",574263,3628,10,23,"Music"
"Shay Mitchell",93718,8058,9,13,"Howto & Style"
"SHAYTARDS",49846,1749,10,14,"Entertainment"
"Sherylcrow",727,130,8,4,"Music"
"Shesez",9980,340,10,5,"Gaming"
"ShibSibs",17796,58,10,11,"People & Blogs"
"Shmee150",6524,516,9,4,"Autos & Vehicles"
"shoaib246",64,4,9,1,"Film & Animation"
"Shoshana Bean",9453,214,10,19,"Music"
"SHOWTIME",4573,1013,8,1,"Entertainment"
"SHOWTIME Sports",1723,148,9,12,"Sports"
"shurap",2939,36,10,3,"Science & Technology"
"Shyrynne",25233,598,10,1,"People & Blogs"
"SiaVEVO",82965,2281,10,33,"Music"
"Sidemen",158656,5591,10,13,"Entertainment"
"Sieuwe Elferink",8,1,9,2,"People & Blogs"
"SiggasNation™",226,18,9,1,"Entertainment"
"SigridVEVO",24741,386,10,16,"Music"
"Simon's Cat",15807,226,10,80,"Pets & Animals"
"Simon and Martina",12108,342,10,34,"Travel & Events"
"Simone Giertz",49242,1026,10,48,"Science & Technology"
"Simply Nailogical",118113,1088,10,53,"Entertainment"
"Simply Not Logical",56938,589,10,17,"Entertainment"
"Single Shot",3,1,8,3,"Sports"
"SIRAH",1905,66,10,5,"Music"
"SiriusXM",3927,164,10,15,"Entertainment"
"Sister Circle Live",3497,422,9,14,"Entertainment"
"Skelly Robot",90,1,10,1,"People & Blogs"
"Skip and Shannon: UNDISPUTED",6751,833,9,11,"People & Blogs"
"SKITTLESbrand",2428,210,9,8,"Entertainment"
"slaymeclarkson c:",2844,110,10,8,"Music"
"Slednecks",18,0,10,2,"Pets & Animals"
"Slooh",0,0,NA,6,"Science & Technology"
"SmarterEveryDay",29299,630,10,17,"Science & Technology"
"Smequle",124,6,10,6,"Sports"
"smoothiethecat",2947,30,10,3,"Pets & Animals"
"Smosh",47481,3630,9,98,"Comedy"
"SMTOWN",433702,5780,10,72,"Music"
"Smyang Piano",5648,4,10,6,"Music"
"Snapchat",0,0,NA,8,"Music"
"SnekTek",1329,38,10,3,"Science & Technology"
"SnoopDoggVEVO",18386,1263,9,21,"Music"
"So I Had This Idea...",1271,87,9,1,"Science & Technology"
"SodaStream",3650,1558,7,6,"Entertainment"
"Solid Gold Aquatics",8994,284,10,6,"Pets & Animals"
"SomeThingElseYT",35424,662,10,17,"Comedy"
"Song Of Style",1261,8,10,5,"People & Blogs"
"Sonic the Hedgehog",24937,316,10,14,"Gaming"
"Sony Pictures Entertainment",286951,14339,9,76,"Entertainment"
"Sound Bites",361,1695,2,6,"Entertainment"
"Southwest Florida Eagle Cam",1546,135,9,4,"Pets & Animals"
"souviendra",340,12,10,6,"Comedy"
"SpaceX",98844,2413,10,63,"Science & Technology"
"Sparkee Music",1439,136,9,5,"Music"
"Special Books by Special Kids",5750,31,10,16,"People & Blogs"
"Specialized Bicycles",897,21,10,4,"Sports"
"Spectrum Haleskarth",16,0,10,4,"Film & Animation"
"Speks",15,2,9,4,"Science & Technology"
"Spinach Dippa",1123,212,8,2,"Music"
"Sport Hub",93,50,7,6,"People & Blogs"
"Sports Illustrated",400,475,5,6,"Sports"
"Sports Lovers n1",9,11,NA,5,"People & Blogs"
"SPORTSNET",1040,27,10,17,"Sports"
"Spotify",2868,132,10,9,"Music"
"Sprinkleofglitter",27024,342,10,16,"Howto & Style"
"Sprint",1250,704,6,5,"Science & Technology"
"Squarespace",1308,50,10,4,"Science & Technology"
"Squirrel Monkey",2738,144,9,8,"Comedy"
"SR Trailers and Interviews",434,4,10,4,"Film & Animation"
"SRAM MTB",361,61,9,3,"Sports"
"Srinath .S",406,27,9,2,"People & Blogs"
"Sriram Murali",1837,45,10,9,"Science & Technology"
"stacyvlogs",7954,63,10,9,"Pets & Animals"
"StanDrawsSpaceships",3539,81,10,4,"People & Blogs"
"standupmaths",6003,176,10,16,"Entertainment"
"Star Wars",25985,2878,9,92,"Entertainment"
"Star Wars Coffee",815,25,10,8,"Film & Animation"
"Star Wars HQ",3397,142,10,4,"Gaming"
"StarTalk",8215,172,10,5,"Science & Technology"
"startelegramvideo",660,52,9,4,"News & Politics"
"STARZ",6186,66,10,2,"Entertainment"
"Steeper33",848,164,8,3,"News & Politics"
"Stefany Gonzalez",40,3,9,2,"People & Blogs"
"Step Up: High Water",7473,1463,8,9,"Entertainment"
"Steve Kovach",0,0,NA,1,"People & Blogs"
"Steve TV Show",463,77,9,9,"Entertainment"
"Steve1989MREInfo",16532,291,10,13,"Entertainment"
"Stewart Brand",49,0,10,1,"Education"
"StingVEVO",16177,557,10,8,"Music"
"StorrorBlog",35370,746,10,2,"Entertainment"
"StoryCorps",734,31,10,5,"Film & Animation"
"Storyful News",633,174,8,1,"News & Politics"
"Strange incident",2452,1206,7,8,"Entertainment"
"Strange Parts",17743,194,10,15,"Science & Technology"
"Stratolaunch",328,28,9,2,"Science & Technology"
"Street Speed 717",9291,315,10,5,"Autos & Vehicles"
"Strictly Dumpling",24716,867,10,43,"Travel & Events"
"Studio C",14750,702,10,48,"Comedy"
"StudiocanalUK",447,32,9,7,"Film & Animation"
"STX Entertainment",246,12,10,6,"Entertainment"
"Sufficiently Advanced",3429,808,8,8,"Film & Animation"
"Sugar Pine 7",15630,329,10,14,"Entertainment"
"SugarlandVEVO",34626,1461,9,29,"Music"
"Summit",208,15,9,5,"Education"
"Summoning Salt",23654,610,10,6,"Gaming"
"Super Netvid",42556,2791,9,1,"Music"
"SuperCarlinBrothers",17441,322,10,27,"People & Blogs"
"SUPERFRUIT",38912,784,10,15,"Entertainment"
"SuperwomanVlogs",14157,314,10,16,"People & Blogs"
"SupremeSounds",14814,134,10,2,"Music"
"Swish Daily",7405,833,9,9,"People & Blogs"
"sWooZie",64136,2217,10,5,"Film & Animation"
"Sylvia Gani",26871,524,10,30,"Howto & Style"
"Symon",244,12,10,5,"Music"
"Syracuse Orange",40,12,8,5,"Sports"
"SZAVEVO",104819,13257,9,16,"Music"
"T-Mobile",1610,470,NA,16,"Entertainment"
"taalk com",23,2,9,3,"Howto & Style"
"Talking Kitty Cat",35882,2525,9,14,"Comedy"
"Talks at Google",445,15,10,1,"Entertainment"
"Tamar Chronicles",3454,284,9,1,"Entertainment"
"Tamika Hall",13,1,9,3,"Entertainment"
"Tanner Braungardt",63416,8094,9,7,"People & Blogs"
"Tanner Fox",22026,8592,7,13,"Film & Animation"
"Tanya Burr",34168,514,10,18,"Howto & Style"
"Taras Malyar",10,0,10,2,"Entertainment"
"Tasty",37315,798,10,114,"Howto & Style"
"Tati",34163,846,NA,67,"Howto & Style"
"Taylor Alexander",38,2,10,1,"Science & Technology"
"Taylor Nicole Dean",33680,728,10,28,"Pets & Animals"
"Taylor R",11740,148,10,2,"People & Blogs"
"Taylor Swift",37834,656,10,23,"Music"
"TaylorSwiftVEVO",1281155,70424,10,29,"Music"
"TBS",17656,1392,9,34,"Entertainment"
"TDAmeritrade",0,0,NA,1,"Education"
"Team Coco",16031,685,9,78,"Comedy"
"Team Edge",26775,685,10,26,"Comedy"
"Tech Insider",6354,315,9,39,"Science & Technology"
"TechCrunch",251,26,9,11,"Science & Technology"
"Techmoan",7233,83,10,4,"Science & Technology"
"Technology Connections",8967,340,10,4,"Science & Technology"
"Technomanila",122,80,6,6,"Entertainment"
"Techquickie",11954,497,10,10,"Science & Technology"
"TechRax",36029,6261,9,12,"Entertainment"
"TechSmartt",25595,16487,8,18,"Science & Technology"
"TED",1745,120,9,7,"Science & Technology"
"TED-Ed",16389,295,10,130,"Education"
"Teen Vogue",6332,66,10,33,"Sports"
"Tegan and Sara",457,2,10,3,"Music"
"Ten Second Songs",63656,539,10,13,"Music"
"Tentmaker Pictures",0,0,NA,3,"Film & Animation"
"Terrormink",132,15,9,5,"Science & Technology"
"Tessa Violet",11904,59,10,8,"Music"
"Tested",4459,123,10,20,"Science & Technology"
"That Japanese Man Yuta",91287,1492,10,1,"Entertainment"
"thataylaa",9945,128,10,11,"Howto & Style"
"ThatcherJoe",94354,1337,10,14,"Comedy"
"The 2x Family",118832,2471,10,6,"People & Blogs"
"The ACE Family",680645,6022,10,9,"People & Blogs"
"The Action Lab",87636,14498,9,34,"Entertainment"
"The Alex Jones Channel",2530,1360,8,6,"News & Politics"
"The Angie Martinez Show",420,31,9,5,"Entertainment"
"The Anna Edit",3885,66,10,1,"Howto & Style"
"The Atlantic",584,34,10,11,"Film & Animation"
"The Bachelor Insider",603,70,9,4,"Entertainment"
"The Bella Twins",16694,366,10,16,"People & Blogs"
"The CGBros",904,36,10,4,"Film & Animation"
"The Cincinnati Zoo & Botanical Garden",2637,22,10,4,"Pets & Animals"
"The Cuddle Squad",987,132,9,9,"Comedy"
"The Current Source",155,1,10,4,"Science & Technology"
"The CW Television Network",8320,2413,9,31,"Entertainment"
"The Daily Show with Trevor Noah",30412,6103,9,26,"Comedy"
"The Deal Guy",3972,529,9,10,"Science & Technology"
"The Dodo",25514,353,10,83,"Pets & Animals"
"The Film Theorists",113005,6276,9,66,"Film & Animation"
"The Food Ranger",17050,1495,9,43,"Travel & Events"
"The Game Theorists",133554,10023,9,21,"Gaming"
"The Graham Norton Show",16986,490,10,68,"Entertainment"
"The Grand Tour",14166,523,10,23,"Entertainment"
"the Hacksmith",38070,1537,10,13,"Science & Technology"
"The Hollywood Reporter",1383,194,9,44,"Entertainment"
"The Inertia",296,69,8,1,"Sports"
"The Infographics Show",11527,773,9,58,"Education"
"The Joint Forces Channel",2614,73,10,9,"Science & Technology"
"The Key of Awesome",22612,802,10,9,"Comedy"
"The king of DIY",7307,229,10,12,"Pets & Animals"
"The King of Random",16289,1592,9,121,"Education"
"The Late Late Show with James Corden",49152,1380,10,127,"Entertainment"
"The Late Show with Stephen Colbert",7982,980,9,151,"Entertainment"
"The Lore Master",5453,71,10,4,"Entertainment"
"The Modern Rogue",6727,96,10,4,"Entertainment"
"The New York Times",6826,959,9,79,"News & Politics"
"The New Yorker",453,45,9,5,"Entertainment"
"The Nocturnal Alchemist",32,2,9,2,"Howto & Style"
"The Office US",4701,56,10,3,"Entertainment"
"The Official Pokémon YouTube Channel",32297,1576,10,37,"Gaming"
"The Ohana Adventure",3921,114,10,7,"Entertainment"
"The Orchard Movies",6063,277,9,10,"Entertainment"
"The Oregonian",1365,546,7,9,"News & Politics"
"The Pet Collective",12139,486,10,9,"Pets & Animals"
"The Players' Tribune",226,3,10,3,"Sports"
"The Real Daytime",2685,247,9,42,"Entertainment"
"The Ringer",304,23,9,5,"Entertainment"
"The Rock",5619,64,10,11,"Entertainment"
"The Royal Family",48481,5745,9,9,"People & Blogs"
"The Royal Family Channel",2517,258,9,27,"News & Politics"
"The Royal Ocean Film Society",2152,25,10,2,"Film & Animation"
"The Scam On Demand",16,3,9,3,"Music"
"The School of Life",10328,392,9,63,"Education"
"The Scran Line",2123,51,10,37,"Howto & Style"
"The Slow Mo Guys",81391,1678,10,94,"People & Blogs"
"The Sports King",233,5,10,5,"People & Blogs"
"The Square to Spare",3611,79,10,6,"Howto & Style"
"The Sydney Morning Herald",7,3,7,5,"News & Politics"
"The Talk",588,287,6,26,"Entertainment"
"The Telegraph",1997,751,7,8,"News & Politics"
"The Thought Emporium",2425,266,9,6,"Science & Technology"
"The Tommy Edison Experience",1806,9,10,6,"People & Blogs"
"The Tonight Show Starring Jimmy Fallon",33303,1034,9,161,"Comedy"
"The Unipiper",2200,73,10,5,"Entertainment"
"The University of Chicago",29,3,9,4,"Education"
"The Valleyfolk",35263,347,10,8,"People & Blogs"
"The Verge",11547,764,9,96,"Science & Technology"
"The View",2000,935,7,74,"Entertainment"
"The Voice",16634,760,10,86,"Entertainment"
"The Warp Zone",4092,75,10,6,"Comedy"
"The Weather Channel",9394,273,10,9,"News & Politics"
"The Weeknd",508333,10289,10,15,"Music"
"The Wendy Williams Show",6145,996,9,8,"Entertainment"
"The White House",15742,12100,6,21,"News & Politics"
"The X Factor UK",79596,1517,10,13,"Entertainment"
"TheAngryGrandpaShow",493665,6676,10,8,"People & Blogs"
"TheBackyardScientist",19005,1761,9,7,"Science & Technology"
"TheBeatlesVEVO",21886,172,10,4,"Music"
"theCHIVE",11939,810,9,8,"Entertainment"
"TheCubician",9400,629,9,6,"Entertainment"
"TheEllenShow",29425,1069,10,156,"Entertainment"
"thegameawards",27614,1601,9,6,"Gaming"
"TheGracieC",82,4,10,3,"Comedy"
"TheHoonigans",11531,103,10,5,"Autos & Vehicles"
"TheJuicyJVEVO",7403,3558,7,3,"Music"
"TheKillersVEVO",15526,330,10,5,"Music"
"Theme Park Review",997,74,9,11,"Travel & Events"
"TheMeanKitty",8964,1148,8,14,"Pets & Animals"
"theneedledrop",9789,713,9,42,"Music"
"TheOdd1sOut",350951,4194,10,7,"Comedy"
"ThePianoGuys",8306,128,10,6,"Music"
"TheReportOfTheWeek",43259,2518,9,56,"Entertainment"
"TheScriptVEVO",15213,145,10,11,"Music"
"theSkimm",2,15,1,2,"People & Blogs"
"TheSorryGirls",8422,263,10,32,"Howto & Style"
"TheTimTracker",3264,129,10,12,"Entertainment"
"TheUnlockr",568,14,10,7,"Science & Technology"
"TheVampsVEVO",25650,68,10,5,"Music"
"thevirts",4454,85,10,4,"Entertainment"
"TheWeekndVEVO",864964,18237,10,18,"Music"
"Third Leg Studios",6295,544,9,13,"Comedy"
"ThirtySecondsToMarsVEVO",44019,1784,10,8,"Music"
"This Is Us",2767,298,9,8,"Entertainment"
"This Might Get",17722,62,10,9,"Entertainment"
"This Morning",1612,252,9,5,"Entertainment"
"ThisDustIn",649,26,10,3,"Science & Technology"
"Thomas Sanders",23384,1176,10,32,"Comedy"
"Thomas Sebastian",37,1,10,1,"Science & Technology"
"ThomasRhettVEVO",70987,2389,10,11,"Music"
"ThreadBanger",45393,1463,10,62,"Howto & Style"
"ThreeDaysGraceVEVO",53530,1205,10,7,"Music"
"Tia Mowry's Quick Fix",38608,1111,10,6,"People & Blogs"
"Tide",80896,2200,10,10,"Entertainment"
"TiffyQuake",2172,19,10,14,"Howto & Style"
"Tim Barrett",29,4,9,2,"Film & Animation"
"Tim Gray",3996,132,10,5,"Film & Animation"
"Tim Milgram",34601,464,10,9,"Entertainment"
"TimandFaithVEVO",1257,58,10,5,"Music"
"TIME",1977,824,7,57,"News & Politics"
"Tina Nguyen",105,305,3,5,"Education"
"Tina Yong",13306,322,10,21,"Howto & Style"
"TinasheOfficialVEVO",97699,3235,10,27,"Music"
"TkyoSam",4145,1471,NA,3,"People & Blogs"
"TmarTn2",15231,1586,9,13,"Gaming"
"TMZ",20195,3644,8,57,"Entertainment"
"TMZSports",5505,664,9,11,"Sports"
"TNT",494,183,8,7,"Entertainment"
"To Scale:",4782,32,10,6,"Science & Technology"
"TobyMacVEVO",11669,269,10,5,"Music"
"TODAY",2531,1649,7,74,"News & Politics"
"Today I Found Out",15617,1073,9,19,"Education"
"todrickhall",36450,980,10,22,"Entertainment"
"Tom Daley",3040,56,10,10,"Sports"
"Tom Harlock",17988,404,10,7,"Entertainment"
"Tom Scott",29369,800,10,149,"Education"
"Tom Stanton",4382,115,10,8,"Science & Technology"
"Tom Thum",2779,15,10,3,"Music"
"ToniBraxtonVEVO",47523,1284,10,17,"Music"
"Tony Baker Comedy",3280,90,10,7,"Entertainment"
"Tony Berza",494,9,10,2,"People & Blogs"
"tonyvera1902",5633,331,9,6,"People & Blogs"
"toofacedcosmetics",894,40,10,2,"Howto & Style"
"Top Korean News",2869,264,9,8,"Film & Animation"
"TopClips247",6545,190,10,4,"Entertainment"
"Topi The Corgi",3156,43,10,14,"Pets & Animals"
"Topic",134,5,10,4,"Entertainment"
"ToriKellyVEVO",16847,249,10,10,"Music"
"Torm place",69,41,6,4,"Film & Animation"
"Total Combat",17,3,8,1,"Sports"
"ToveLoVEVO",10568,141,10,5,"Music"
"tovestyrkeVEVO",1271,9,10,3,"Music"
"Townsends",9703,226,10,17,"Education"
"Toyota Global",4991,275,9,7,"Autos & Vehicles"
"Toyota USA",781,87,9,7,"Autos & Vehicles"
"Tpindell",22592,1068,10,8,"Comedy"
"Trace Cyrus",4279,882,8,8,"People & Blogs"
"TraceyThornVEVO",549,7,10,5,"Music"
"Trailers Promos Teasers",363,297,5,14,"Entertainment"
"TrainVEVO",569,42,9,1,"Music"
"Trevor Moran",66026,671,10,1,"Entertainment"
"Trevor Wallace",786,7,10,4,"Comedy"
"TRL",38365,557,10,17,"Entertainment"
"TromaMovies",5305,595,9,8,"Film & Animation"
"Troom Troom",40926,9446,8,13,"Howto & Style"
"Troye Sivan",45106,483,10,5,"Music"
"TroyeSivanVEVO",171246,2857,10,35,"Music"
"truTV",6158,509,9,33,"Entertainment"
"TRYANGLE FILMS",362523,15130,10,6,"Film & Animation"
"Tryst Network",158,108,6,5,"Entertainment"
"TSN Tube",776,70,9,1,"Sports"
"Tu Fan",998,93,9,1,"Entertainment"
"Tucker Gott",15909,200,10,1,"Entertainment"
"Turbo Conquering Mega Eagle",205,25,9,3,"Film & Animation"
"TurboTax",2812,62,9,11,"Education"
"Turkish Airlines",3234,261,9,7,"Travel & Events"
"Turn10Studios",1437,68,10,8,"Gaming"
"TV One",0,0,NA,5,"Entertainment"
"TV Promos",1704,60,10,20,"Entertainment"
"TWICE JAPAN OFFICIAL YouTube Channel",352023,17743,10,15,"Music"
"Twin Shadow",842,21,10,5,"Film & Animation"
"Tyler Oakley",22651,821,10,60,"Entertainment"
"Tyler Stalman",3307,142,10,15,"Science & Technology"
"Tyler Williams",70539,1469,10,15,"People & Blogs"
"U.S. Navy",694,85,9,4,"News & Politics"
"U2VEVO",9978,1432,9,29,"Music"
"UCAN Zippers USA",10,3,8,3,"Howto & Style"
"UEFA.tv",5049,295,9,8,"Sports"
"UFC - Ultimate Fighting Championship",4583,221,10,19,"Sports"
"UFC ON FOX",3458,425,9,12,"People & Blogs"
"UJ",581,7,10,5,"People & Blogs"
"Ultra Music",88501,2337,10,12,"Music"
"UMF TV",0,0,NA,1,"Music"
"Unbox Therapy",133494,5841,10,46,"Science & Technology"
"Unecht Erfunden",6898,316,10,15,"People & Blogs"
"Unique Vibes",285,24,9,5,"Music"
"United Launch Alliance",1295,213,9,13,"Science & Technology"
"Universal Pictures",141087,6029,9,78,"Entertainment"
"University of Rochester EEOC Complainants",12,5,7,4,"People & Blogs"
"UrAvgConsumer",15203,936,9,8,"Science & Technology"
"Us Weekly",212,5,10,3,"Entertainment"
"USA Gymnastics",13665,166,10,14,"Sports"
"USA TODAY",732,249,8,46,"News & Politics"
"Useless Duck Company",250,24,9,4,"Comedy"
"Valk Aviation",551,82,9,2,"Travel & Events"
"Vance Joy",15708,145,10,13,"Music"
"Vanity Fair",34155,1218,10,123,"Entertainment"
"Variety",2427,2289,6,36,"Entertainment"
"Vat19Nvjds",175,22,9,3,"Entertainment"
"Veritasium",37346,422,10,14,"Education"
"Verizon",7087,516,8,7,"Science & Technology"
"Vet Ranch",17602,308,10,5,"Education"
"Vevo",339366,13985,10,8,"Music"
"VH1",8543,632,9,23,"Entertainment"
"Vic Dibitetto",4132,394,9,4,"Comedy"
"VICE",15333,516,9,10,"Entertainment"
"VICE News",1866,350,8,32,"News & Politics"
"VICELAND",11552,2335,8,12,"Entertainment"
"Victoria's Secret",8017,227,10,7,"Entertainment"
"VidCon",6750,58,10,3,"Entertainment"
"Video Library",5,2,8,3,"Autos & Vehicles"
"VideoGameAds",13,0,10,4,"Gaming"
"videogamedunkey",199094,5494,10,22,"Gaming"
"Vinheteiro",9447,297,10,8,"Entertainment"
"Violin MD",2806,218,9,10,"People & Blogs"
"Viral Paws",300,2,10,2,"Pets & Animals"
"ViralHog",7084,467,9,47,"Pets & Animals"
"Viva La Dirt League",3972,32,10,4,"Gaming"
"vlogbrothers",16044,229,10,69,"People & Blogs"
"Vlogs By DK4L",24288,818,10,6,"People & Blogs"
"vnbreyes",2,0,10,8,"Sports"
"Vogue",83800,1519,10,120,"Entertainment"
"Voicebot",2,2,5,5,"People & Blogs"
"Voltfolio",29,0,10,3,"People & Blogs"
"voordeel",9936,54,10,6,"Entertainment"
"VOsprey22",24,0,10,6,"Film & Animation"
"Vostok.bike",6,0,10,2,"Travel & Events"
"Vote The Process",594,26,10,4,"Film & Animation"
"Vox",17392,3734,9,159,"News & Politics"
"Vsauce2",40427,1464,10,19,"Education"
"Walking With Giants",4606,222,10,6,"People & Blogs"
"Wall Street Journal",1657,151,9,16,"News & Politics"
"Wallows",7781,139,10,6,"Music"
"Walt Disney Animation Studios",263317,12007,10,15,"Film & Animation"
"Warner Bros. Pictures",30733,4864,9,123,"Entertainment"
"Warner Bros. UK",6405,1326,8,7,"Film & Animation"
"Warped Perception",23795,538,10,13,"Entertainment"
"Washington Post",1900,6534,6,90,"News & Politics"
"Wassabi Productions",76776,6986,9,18,"Entertainment"
"Watch What Happens Live with Andy Cohen",1137,531,8,95,"Entertainment"
"WatchMojo.com",14841,12731,5,16,"Entertainment"
"Waterjet Channel",14935,622,10,22,"Science & Technology"
"WaterTower Music",12047,105,10,8,"Entertainment"
"Waymo",3139,111,10,10,"Science & Technology"
"wdwmagic",10773,8144,6,10,"Travel & Events"
"WE tv",184,173,6,13,"Entertainment"
"WeatherTech",1554,126,9,4,"Autos & Vehicles"
"Wendover Productions",25594,792,10,55,"Education"
"Wendy's",212,44,8,1,"Entertainment"
"Wendy Williams",6218,1344,9,56,"Entertainment"
"Wengie",60128,5478,9,7,"Howto & Style"
"West Midlands Police",420,113,8,5,"News & Politics"
"WFLA News Channel 8",9868,667,9,7,"News & Politics"
"WGA West",145,8,10,5,"Film & Animation"
"What's Inside?",13935,3214,8,50,"Sports"
"WHAT'S INSIDE? FAMILY",2313,224,9,13,"Autos & Vehicles"
"What I've Learned",12176,166,10,2,"People & Blogs"
"WhatCulture Wrestling",4541,841,8,6,"Entertainment"
"WhatsApp Wacky",7,0,10,1,"Howto & Style"
"WhatsUpMoms",9065,146,10,5,"Entertainment"
"Whistle Sports",37909,962,10,12,"Sports"
"Whitney Avalon",3272,126,10,6,"Comedy"
"Whitney Port",1170,22,10,1,"Howto & Style"
"Why Don't We",83474,416,10,3,"Music"
"Whyte Foxx Music Videos & More",28,3,9,2,"Music"
"WildTurkeyBourbon",1071,41,10,8,"People & Blogs"
"Will Darbyshire",4818,54,10,7,"Film & Animation"
"Will Smith",99629,2225,10,41,"Entertainment"
"William Osman",21817,312,10,77,"Science & Technology"
"WINNER",510012,10118,10,10,"Music"
"Wintergatan",11910,66,10,4,"Music"
"WIRED",44087,981,10,136,"Entertainment"
"Wix.com",1148,25,10,5,"Film & Animation"
"WLKY News Louisville",11,35,2,3,"News & Politics"
"Wong Fu Productions",17019,226,10,36,"Entertainment"
"World Eyes",38,0,10,6,"Education"
"Wouldn't Change a Thing",50438,408,10,10,"People & Blogs"
"WOWPresents",9934,799,9,52,"Entertainment"
"WQAD News 8",7,1,9,3,"Entertainment"
"Writers Guild of America East",398,8,10,3,"Nonprofits & Activism"
"WTHR",148,15,9,7,"News & Politics"
"WUSA9",19344,4199,8,10,"People & Blogs"
"WWE",42517,2370,9,153,"Sports"
"WXYZ-TV Detroit | Channel 7",9418,1017,9,7,"News & Politics"
"X Factor Italia",10274,68,10,2,"Entertainment"
"X Games",535,28,10,6,"Sports"
"XAmbassadorsVEVO",11142,175,10,13,"Music"
"Xbox",2465,109,10,1,"Gaming"
"XenonJohn",563,157,8,9,"Science & Technology"
"XFL",261,30,9,4,"People & Blogs"
"Xscape - Topic",1890,34,10,4,"Music"
"YBF Chic",17,0,9,11,"Entertainment"
"yeokm1",176,2,10,1,"Science & Technology"
"Yes Theory",36634,322,10,28,"Entertainment"
"Yoga With Adriene",13795,200,10,7,"Howto & Style"
"You Suck At Cooking",36546,1196,10,76,"Howto & Style"
"YouTube Spotlight",1805680,919745,7,11,"Entertainment"
"Youtube Tea",461,122,8,8,"People & Blogs"
"yovo68",3641,172,10,2,"Autos & Vehicles"
"YTN NEWS",687,64,9,8,"News & Politics"
"Zach King",11767,211,10,13,"Entertainment"
"Zach Simmons",676,166,8,5,"Entertainment"
"ZaynVEVO",1149817,27733,10,17,"Music"
"Zebra Corner",54641,1762,10,10,"Comedy"
"ZEDDVEVO",65648,4579,9,12,"Music"
"zefrank1",94433,1100,10,14,"People & Blogs"
"Zendaya",52993,602,10,7,"Entertainment"
"Zero Media",18502,1033,9,3,"Film & Animation"
"Zoella",51959,1301,10,42,"Howto & Style"
